XA1, XA2, YA1, YA2, UTFA, FILENAME, XB1, XB2, YB1, YB2, IoU, 
1014, 1088, 149, 263, 800c, navis-Ming-Qing_18341_0004-line-001-y1=0-y2=289.xml, 1018, 1085, 174, 260, 0.683025130394, 
743, 827, 30, 123, 543e, navis-Ming-Qing_18341_0004-line-002-y1=280-y2=430.xml, 748, 824, 33, 120, 0.846390168971, 
1868, 1944, 47, 100, 53E4, navis-Ming-Qing_18341_0004-line-002-y1=280-y2=430.xml, 1873, 1941, 49, 97, 0.810327706058, 
1350, 1418, 17, 125, 751f, navis-Ming-Qing_18341_0004-line-003-y1=421-y2=571.xml, 1354, 1416, 43, 122, 0.666938997821, 
401, 477, 35, 124, 540D, navis-Ming-Qing_18341_0004-line-003-y1=421-y2=571.xml, 405, 474, 38, 121, 0.846688350089, 
486, 553, 31, 119, 58EB, navis-Ming-Qing_18341_0004-line-003-y1=421-y2=571.xml, 491, 550, 34, 116, 0.820556309362, 
1183, 1264, 25, 134, 59d1, navis-Ming-Qing_18341_0004-line-005-y1=701-y2=852.xml, 1187, 1260, 27, 137, 0.863284703802, 
989, 1072, 21, 112, 53f2, navis-Ming-Qing_18341_0004-line-007-y1=984-y2=1129.xml, 993, 1070, 24, 109, 0.866543095459, 
1076, 1156, 30, 116, 5b50, navis-Ming-Qing_18341_0004-line-007-y1=984-y2=1129.xml, 1080, 1153, 33, 114, 0.859447674419, 
310, 375, 21, 108, 800c, navis-Ming-Qing_18341_0004-line-007-y1=984-y2=1129.xml, 314, 385, 24, 105, 0.764269141531, 
548, 625, 29, 123, 59d1, navis-Ming-Qing_18341_0004-line-008-y1=1120-y2=1268.xml, 552, 622, 32, 121, 0.860735009671, 
898, 977, 30, 128, 59d1, navis-Ming-Qing_18341_0004-line-008-y1=1120-y2=1268.xml, 903, 974, 33, 126, 0.852880392663, 
296, 382, 43, 112, 6708, navis-Ming-Qing_18341_0004-line-008-y1=1120-y2=1268.xml, 301, 378, 46, 105, 0.765588136164, 
1864, 1937, 46, 131, 5341, navis-Ming-Qing_18341_0004-line-008-y1=1120-y2=1268.xml, 1868, 1934, 49, 138, 0.811759412029, 
1592, 1676, 32, 142, 5f8c, navis-Ming-Qing_18341_0004-line-009-y1=1259-y2=1499.xml, 1597, 1673, 35, 141, 0.871861471861, 
1681, 1763, 58, 121, 51fa, navis-Ming-Qing_18341_0004-line-009-y1=1259-y2=1499.xml, 1685, 1760, 61, 118, 0.827526132404, 
375, 464, 18, 121, 672a, navis-Ming-Qing_18341_0004-line-009-y1=1259-y2=1499.xml, 379, 460, 21, 117, 0.84826006327, 
279, 356, 57, 125, 751f, navis-Ming-Qing_18341_0005-line-001-y1=0-y2=142.xml, 284, 355, 60, 127, 0.858125697285, 
452, 544, 24, 133, 79e6, navis-Ming-Qing_18341_0005-line-003-y1=269-y2=419.xml, 457, 541, 27, 132, 0.879537295572, 
1324, 1399, 17, 95, 5408, navis-Ming-Qing_18341_0005-line-004-y1=410-y2=560.xml, 1328, 1408, 17, 127, 0.607769973661, 
1840, 1922, 27, 129, 4f55, navis-Ming-Qing_18341_0005-line-004-y1=410-y2=560.xml, 1844, 1923, 30, 125, 0.875990069748, 
634, 717, 34, 133, 7121, navis-Ming-Qing_18341_0005-line-004-y1=410-y2=560.xml, 638, 713, 37, 137, 0.845368087355, 
1440, 1514, 44, 128, 751f, navis-Ming-Qing_18341_0006-line-002-y1=242-y2=391.xml, 1444, 1512, 47, 129, 0.876511775939, 
1108, 1183, 31, 132, 5929, navis-Ming-Qing_18341_0006-line-002-y1=242-y2=391.xml, 1112, 1179, 34, 132, 0.866798679868, 
2049, 2123, 29, 127, 5929, navis-Ming-Qing_18341_0006-line-005-y1=665-y2=814.xml, 2053, 2121, 32, 126, 0.881412024269, 
126, 205, 22, 118, 592B, navis-Ming-Qing_18341_0006-line-008-y1=1085-y2=1233.xml, 130, 206, 25, 115, 0.879593432369, 
1418, 1500, 43, 117, 7531, navis-Ming-Qing_18341_0006-line-009-y1=1224-y2=1377.xml, 1422, 1497, 46, 114, 0.840474620962, 
921, 975, 22, 119, 5165, navis-Ming-Qing_18341_0006-line-009-y1=1224-y2=1377.xml, 923, 974, 25, 116, 0.886025200458, 
1078, 1146, 48, 127, 77f3, navis-Ming-Qing_18341_0006-line-009-y1=1224-y2=1377.xml, 1083, 1144, 50, 124, 0.840282948622, 
1870, 1936, 33, 124, 6b64, navis-Ming-Qing_18341_0006-line-009-y1=1224-y2=1377.xml, 1856, 1915, 19, 121, 0.491071428571, 
1339, 1416, 28, 92, 543e, navis-Ming-Qing_18341_0007-line-002-y1=125-y2=271.xml, 1344, 1413, 31, 132, 0.547476586889, 
2111, 2182, 43, 126, 751f, navis-Ming-Qing_18341_0007-line-002-y1=125-y2=271.xml, 2115, 2201, 17, 126, 0.572944570369, 
383, 460, 23, 118, 4e4b, navis-Ming-Qing_18341_0007-line-002-y1=125-y2=271.xml, 387, 457, 26, 120, 0.863849765258, 
1930, 2004, 37, 124, 4E16, navis-Ming-Qing_18341_0007-line-007-y1=827-y2=978.xml, 1934, 2001, 40, 121, 0.842963653308, 
451, 540, 24, 124, 53f2, navis-Ming-Qing_18341_0007-line-008-y1=969-y2=1117.xml, 456, 537, 27, 121, 0.855505617978, 
1761, 1841, 59, 122, 6708, navis-Ming-Qing_18341_0007-line-008-y1=969-y2=1117.xml, 1766, 1837, 62, 119, 0.802976190476, 
1069, 1151, 38, 124, 5b50, navis-Ming-Qing_18341_0007-line-008-y1=969-y2=1117.xml, 1073, 1147, 41, 122, 0.849971639251, 
2024, 2094, 35, 123, 751f, navis-Ming-Qing_18341_0008-line-002-y1=134-y2=284.xml, 2028, 2094, 38, 120, 0.878571428571, 
1167, 1243, 30, 115, 800c, navis-Ming-Qing_18341_0008-line-004-y1=416-y2=566.xml, 1172, 1240, 33, 112, 0.831578947368, 
2033, 2104, 40, 120, 800c, navis-Ming-Qing_18341_0008-line-004-y1=416-y2=566.xml, 2038, 2100, 43, 117, 0.807746478873, 
823, 891, 30, 124, 5973, navis-Ming-Qing_18341_0008-line-004-y1=416-y2=566.xml, 827, 888, 33, 121, 0.839799749687, 
222, 283, 32, 124, -Min, navis-Ming-Qing_18341_0008-line-005-y1=557-y2=703.xml, 227, 283, 35, 121, 0.858161083393, 
1024, 1111, 17, 69, 4e2d, navis-Ming-Qing_18341_0010-line-004-y1=355-y2=447.xml, 1028, 1107, 20, 66, 0.803271441202, 
227, 308, 31, 130, 4f55, navis-Ming-Qing_18341_0010-line-006-y1=562-y2=709.xml, 229, 304, 34, 132, 0.881380829967, 
226, 298, 17, 110, 6b64, navis-Ming-Qing_18341_0012-line-005-y1=567-y2=719.xml, 230, 295, 7, 107, 0.796351756058, 
1770, 1841, 28, 135, 5168, navis-Ming-Qing_18341_0012-line-006-y1=710-y2=862.xml, 1775, 1838, 31, 136, 0.855352480418, 
820, 896, 36, 122, 543e, navis-Ming-Qing_18341_0012-line-008-y1=993-y2=1142.xml, 824, 893, 39, 119, 0.844553243574, 
209, 292, 17, 91, 6c34, navis-Ming-Qing_18341_0014-line-009-y1=720-y2=830.xml, 214, 289, 4, 89, 0.75874666292, 
654, 736, 164, 236, 76ae, navis-Ming-Qing_18341_0016-line-001-y1=0-y2=282.xml, 658, 733, 166, 233, 0.851117886179, 
821, 899, 101, 187, 9152, navis-Ming-Qing_18341_0016-line-005-y1=760-y2=978.xml, 825, 898, 104, 187, 0.903249850924, 
92, 173, 100, 193, 5341, navis-Ming-Qing_18341_0018-line-005-y1=491-y2=705.xml, 97, 170, 103, 190, 0.84309040223, 
1146, 1231, 81, 166, 4eba, navis-Ming-Qing_18637_0002-line-001-y1=0-y2=198.xml, 1151, 1241, 84, 174, 0.748431260696, 
1643, 1733, 87, 179, 4eba, navis-Ming-Qing_18637_0002-line-001-y1=0-y2=198.xml, 1647, 1736, 89, 178, 0.895518895519, 
1243, 1340, 81, 181, 6240, navis-Ming-Qing_18637_0002-line-001-y1=0-y2=198.xml, 1247, 1337, 84, 178, 0.872164948454, 
850, 942, 77, 173, 5b50, navis-Ming-Qing_18637_0002-line-001-y1=0-y2=198.xml, 854, 939, 80, 170, 0.866168478261, 
1342, 1439, 86, 181, 4f5c, navis-Ming-Qing_18637_0002-line-001-y1=0-y2=198.xml, 1347, 1435, 89, 178, 0.84991861096, 
945, 1040, 40, 138, 5973, navis-Ming-Qing_18637_0002-line-002-y1=189-y2=352.xml, 949, 1039, 43, 135, 0.889366272825, 
944, 1040, 37, 135, 5927, navis-Ming-Qing_18637_0002-line-003-y1=343-y2=508.xml, 948, 1044, 40, 133, 0.874846625767, 
740, 835, 37, 137, 4e4b, navis-Ming-Qing_18637_0002-line-005-y1=649-y2=811.xml, 744, 832, 40, 134, 0.870736842105, 
1140, 1228, 36, 134, 5317, navis-Ming-Qing_18637_0002-line-007-y1=953-y2=1112.xml, 1144, 1225, 39, 131, 0.864100185529, 
148, 234, 92, 184, 4e0b, navis-Ming-Qing_18637_0003-line-001-y1=0-y2=215.xml, 146, 230, 95, 181, 0.872340425532, 
541, 638, 89, 190, 4e4b, navis-Ming-Qing_18637_0003-line-001-y1=0-y2=215.xml, 545, 635, 92, 187, 0.872716137593, 
542, 635, 40, 139, 5341, navis-Ming-Qing_18637_0003-line-006-y1=809-y2=967.xml, 546, 632, 43, 136, 0.868686868687, 
840, 936, 44, 142, 4f5c, navis-Ming-Qing_18637_0003-line-008-y1=1112-y2=1271.xml, 844, 933, 47, 141, 0.889243197279, 
466, 557, 29, 129, 5176, navis-Ming-Qing_18637_0004-line-004-y1=501-y2=658.xml, 470, 531, 32, 124, 0.616703296703, 
1160, 1248, 37, 132, 800c, navis-Ming-Qing_18637_0004-line-004-y1=501-y2=658.xml, 1157, 1244, 40, 129, 0.866581662223, 
958, 1053, 34, 142, 4e4b, navis-Ming-Qing_18637_0004-line-005-y1=649-y2=812.xml, 962, 1050, 37, 139, 0.87485380117, 
358, 450, 32, 132, 5176, navis-Ming-Qing_18637_0004-line-006-y1=803-y2=959.xml, 363, 453, 35, 132, 0.889158149826, 
1941, 2033, 54, 139, 5341, navis-Ming-Qing_18637_0004-line-006-y1=803-y2=959.xml, 1945, 2030, 57, 146, 0.828282828283, 
67, 154, 30, 126, 6b64, navis-Ming-Qing_18637_0004-line-006-y1=803-y2=959.xml, 71, 151, 33, 123, 0.862068965517, 
960, 1046, 46, 142, 77f3, navis-Ming-Qing_18637_0004-line-007-y1=950-y2=1251.xml, 961, 1043, 49, 139, 0.893895348837, 
353, 448, 28, 114, 4eca, navis-Ming-Qing_18637_0006-line-002-y1=176-y2=328.xml, 358, 444, 31, 126, 0.775700934579, 
1550, 1634, 27, 97, 751f, navis-Ming-Qing_18637_0006-line-003-y1=319-y2=481.xml, 1554, 1630, 30, 149, 0.517900732303, 
1944, 2031, 58, 145, 4e0d, navis-Ming-Qing_18637_0006-line-003-y1=319-y2=481.xml, 1949, 2027, 61, 150, 0.823218997361, 
656, 745, 41, 144, 5929, navis-Ming-Qing_18637_0006-line-003-y1=319-y2=481.xml, 661, 747, 44, 141, 0.870419826942, 
356, 452, 26, 111, 4e2d, navis-Ming-Qing_18637_0006-line-007-y1=795-y2=947.xml, 360, 455, 29, 108, 0.865547219245, 
255, 355, 32, 131, 592B, navis-Ming-Qing_18637_0006-line-009-y1=1087-y2=1251.xml, 260, 352, 35, 128, 0.864242424242, 
1336, 1423, 44, 129, 58EB, navis-Ming-Qing_18637_0006-line-010-y1=1242-y2=1388.xml, 1341, 1420, 47, 132, 0.848794549266, 
950, 1036, 61, 153, 5929, navis-Ming-Qing_18637_0007-line-001-y1=0-y2=183.xml, 951, 1041, 64, 153, 0.905229149216, 
451, 547, 60, 153, 82b3, navis-Ming-Qing_18637_0007-line-001-y1=0-y2=183.xml, 455, 543, 63, 150, 0.85752688172, 
1445, 1532, 39, 136, 5927, navis-Ming-Qing_18637_0007-line-004-y1=474-y2=639.xml, 1450, 1535, 42, 136, 0.883843595918, 
654, 737, 38, 133, 4eba, navis-Ming-Qing_18637_0007-line-005-y1=630-y2=786.xml, 659, 745, 41, 140, 0.778054862843, 
458, 549, 39, 139, 77f3, navis-Ming-Qing_18637_0007-line-005-y1=630-y2=786.xml, 459, 546, 42, 139, 0.927362637363, 
1058, 1140, 43, 132, 4eba, navis-Ming-Qing_18637_0007-line-008-y1=1077-y2=1244.xml, 1062, 1151, 46, 144, 0.720360824742, 
859, 953, 36, 119, 592B, navis-Ming-Qing_18637_0007-line-009-y1=1235-y2=1371.xml, 863, 950, 39, 126, 0.827487813577, 
1142, 1232, 57, 151, 53E4, navis-Ming-Qing_18637_0008-line-001-y1=0-y2=178.xml, 1147, 1229, 60, 148, 0.852955082742, 
1232, 1327, 57, 158, 4eca, navis-Ming-Qing_18637_0008-line-001-y1=0-y2=178.xml, 1236, 1324, 60, 155, 0.871287128713, 
148, 233, 57, 148, 5973, navis-Ming-Qing_18637_0008-line-001-y1=0-y2=178.xml, 153, 234, 60, 145, 0.869565217391, 
442, 543, 57, 152, 4f5c, navis-Ming-Qing_18637_0008-line-001-y1=0-y2=178.xml, 447, 539, 60, 149, 0.853361125586, 
936, 1026, 44, 144, 4eba, navis-Ming-Qing_18637_0008-line-005-y1=623-y2=791.xml, 940, 1029, 47, 141, 0.87093298858, 
1723, 1825, 51, 145, 540D, navis-Ming-Qing_18637_0008-line-006-y1=782-y2=944.xml, 1728, 1822, 54, 145, 0.892156862745, 
137, 228, 45, 110, 65e5, navis-Ming-Qing_18637_0008-line-007-y1=935-y2=1095.xml, 142, 225, 48, 107, 0.827895181741, 
552, 632, 30, 133, 6c34, navis-Ming-Qing_18637_0008-line-007-y1=935-y2=1095.xml, 556, 628, 33, 130, 0.847572815534, 
930, 1027, 47, 126, 51fa, navis-Ming-Qing_18637_0008-line-009-y1=1242-y2=1390.xml, 934, 1029, 50, 123, 0.869381482904, 
336, 427, 30, 131, 82b1, navis-Ming-Qing_18637_0008-line-009-y1=1242-y2=1390.xml, 340, 424, 33, 128, 0.868240670221, 
1525, 1615, 41, 131, 4eca, navis-Ming-Qing_18637_0008-line-009-y1=1242-y2=1390.xml, 1530, 1612, 44, 145, 0.771410034602, 
339, 428, 50, 144, 5927, navis-Ming-Qing_18637_0009-line-006-y1=775-y2=941.xml, 343, 434, 53, 151, 0.810032464132, 
235, 333, 61, 149, 7709, navis-Ming-Qing_18637_0009-line-006-y1=775-y2=941.xml, 239, 333, 64, 153, 0.887777777778, 
462, 551, 30, 128, 5e72, navis-Ming-Qing_18637_0010-line-002-y1=154-y2=315.xml, 466, 548, 33, 125, 0.864939234121, 
1749, 1830, 45, 140, 4e0b, navis-Ming-Qing_18637_0010-line-004-y1=459-y2=622.xml, 1753, 1827, 48, 137, 0.855880441845, 
757, 847, 38, 114, 5144, navis-Ming-Qing_18637_0010-line-004-y1=459-y2=622.xml, 761, 843, 42, 121, 0.796331265174, 
855, 941, 32, 136, 5973, navis-Ming-Qing_18637_0010-line-005-y1=613-y2=770.xml, 859, 944, 35, 135, 0.887061877975, 
56, 147, 33, 131, 5e72, navis-Ming-Qing_18637_0010-line-006-y1=761-y2=925.xml, 61, 144, 36, 128, 0.856245795021, 
851, 940, 28, 125, 9577, navis-Ming-Qing_18637_0010-line-008-y1=1077-y2=1234.xml, 852, 939, 31, 122, 0.917062434843, 
1539, 1634, 39, 133, 5973, navis-Ming-Qing_18637_0010-line-008-y1=1077-y2=1234.xml, 1544, 1630, 42, 133, 0.876371780515, 
56, 132, 34, 124, 5927, navis-Ming-Qing_18637_0010-line-009-y1=1225-y2=1366.xml, 60, 133, 36, 121, 0.883754512635, 
1236, 1335, 42, 124, 83ef, navis-Ming-Qing_18637_0010-line-009-y1=1225-y2=1366.xml, 1240, 1332, 45, 134, 0.804160212436, 
2043, 2139, 59, 120, 5176, navis-Ming-Qing_18637_0011-line-005-y1=496-y2=656.xml, 2047, 2140, 26, 117, 0.594010909496, 
1247, 1338, 46, 143, 77f3, navis-Ming-Qing_18637_0012-line-002-y1=154-y2=314.xml, 1247, 1335, 49, 143, 0.937124730939, 
943, 1037, 40, 147, 8a69, navis-Ming-Qing_18637_0012-line-005-y1=614-y2=778.xml, 948, 1033, 43, 144, 0.853549413402, 
1638, 1733, 44, 149, 82b3, navis-Ming-Qing_18637_0012-line-008-y1=1075-y2=1241.xml, 1643, 1730, 47, 146, 0.863458646617, 
1532, 1627, 38, 147, 5176, navis-Ming-Qing_18637_0013-line-006-y1=760-y2=924.xml, 1537, 1672, 11, 144, 0.508257858284, 
533, 620, 41, 135, -Min, navis-Ming-Qing_18637_0013-line-008-y1=1073-y2=1234.xml, 538, 616, 44, 132, 0.839325018342, 
2046, 2141, 59, 147, 6708, navis-Ming-Qing_18637_0014-line-003-y1=187-y2=355.xml, 2050, 2137, 62, 145, 0.863755980861, 
70, 149, 33, 118, 4e0d, navis-Ming-Qing_18637_0014-line-003-y1=187-y2=355.xml, 70, 146, 36, 115, 0.894117647059, 
864, 947, 30, 127, 77f3, navis-Ming-Qing_18637_0014-line-004-y1=346-y2=506.xml, 868, 946, 32, 124, 0.891317848714, 
1632, 1731, 40, 136, 592B, navis-Ming-Qing_18637_0014-line-007-y1=800-y2=953.xml, 1636, 1727, 43, 144, 0.827111024238, 
1061, 1143, 39, 135, 77f3, navis-Ming-Qing_18637_0014-line-007-y1=800-y2=953.xml, 1063, 1139, 42, 132, 0.868902439024, 
444, 541, 43, 138, 5C19, navis-Ming-Qing_18637_0014-line-009-y1=1097-y2=1265.xml, 448, 540, 46, 135, 0.888551275095, 
251, 343, 47, 142, 5148, navis-Ming-Qing_18637_0015-line-003-y1=340-y2=499.xml, 255, 346, 50, 144, 0.880191345945, 
262, 349, 52, 148, 4eba, navis-Ming-Qing_18637_0015-line-007-y1=943-y2=1108.xml, 266, 353, 28, 151, 0.718809201624, 
1651, 1732, 31, 130, 4eba, navis-Ming-Qing_18637_0015-line-007-y1=943-y2=1108.xml, 1656, 1732, 34, 127, 0.881406659184, 
1256, 1343, 38, 121, 53E4, navis-Ming-Qing_18637_0015-line-008-y1=1099-y2=1262.xml, 1260, 1341, 41, 130, 0.815094339623, 
1558, 1636, 31, 116, 5144, navis-Ming-Qing_18637_0015-line-008-y1=1099-y2=1262.xml, 1561, 1634, 34, 121, 0.855754110079, 
2040, 2137, 51, 141, 96c5, navis-Ming-Qing_18637_0016-line-003-y1=332-y2=490.xml, 2044, 2133, 54, 142, 0.877990701894, 
1943, 2037, 49, 141, 800c, navis-Ming-Qing_18637_0016-line-003-y1=332-y2=490.xml, 1947, 2034, 52, 138, 0.865171137835, 
1933, 2023, 55, 142, 751f, navis-Ming-Qing_18637_0016-line-004-y1=481-y2=640.xml, 1938, 2019, 58, 142, 0.868965517241, 
1334, 1420, 44, 135, 751f, navis-Ming-Qing_18637_0016-line-006-y1=791-y2=954.xml, 1338, 1416, 47, 132, 0.847176079734, 
1432, 1521, 55, 138, 4e2d, navis-Ming-Qing_18637_0016-line-008-y1=1090-y2=1256.xml, 1436, 1517, 58, 135, 0.844321104643, 
1637, 1721, 65, 131, 65e5, navis-Ming-Qing_18637_0016-line-008-y1=1090-y2=1256.xml, 1641, 1718, 67, 128, 0.847222222222, 
842, 939, 57, 148, 4f5c, navis-Ming-Qing_18637_0017-line-001-y1=0-y2=172.xml, 847, 936, 60, 145, 0.85702956837, 
943, 1038, 50, 142, 540D, navis-Ming-Qing_18637_0017-line-002-y1=163-y2=325.xml, 944, 1030, 13, 139, 0.642006374769, 
62, 145, 46, 141, 5929, navis-Ming-Qing_18637_0017-line-004-y1=478-y2=636.xml, 65, 144, 49, 143, 0.903642919309, 
1642, 1728, 20, 117, 58EB, navis-Ming-Qing_18637_0017-line-005-y1=627-y2=779.xml, 1646, 1724, 23, 114, 0.850875089906, 
1546, 1641, 20, 119, 5973, navis-Ming-Qing_18637_0017-line-005-y1=627-y2=779.xml, 1551, 1640, 23, 116, 0.880063795853, 
658, 747, 50, 146, 5e72, navis-Ming-Qing_18637_0017-line-006-y1=770-y2=938.xml, 662, 744, 53, 143, 0.863764044944, 
1658, 1751, 17, 109, 5927, navis-Ming-Qing_18637_0017-line-008-y1=1082-y2=1244.xml, 1662, 1748, 15, 106, 0.876947754354, 
1160, 1250, 39, 128, 5973, navis-Ming-Qing_18637_0017-line-008-y1=1082-y2=1244.xml, 1165, 1249, 42, 125, 0.870411985019, 
1952, 2048, 17, 101, 4f5c, navis-Ming-Qing_18637_0017-line-008-y1=1082-y2=1244.xml, 1942, 2031, 12, 137, 0.528638572453, 
1542, 1637, 57, 139, 5973, navis-Ming-Qing_18637_0018-line-001-y1=0-y2=163.xml, 1540, 1633, 60, 136, 0.870813397129, 
1448, 1534, 45, 135, 5929, navis-Ming-Qing_18637_0018-line-003-y1=307-y2=471.xml, 1452, 1530, 48, 132, 0.846511627907, 
554, 645, 34, 130, 5e72, navis-Ming-Qing_18637_0018-line-004-y1=462-y2=627.xml, 559, 642, 37, 127, 0.855082417582, 
56, 142, 38, 125, 7a7a, navis-Ming-Qing_18637_0018-line-007-y1=920-y2=1081.xml, 60, 138, 41, 122, 0.844426623897, 
551, 627, 37, 125, 4eba, navis-Ming-Qing_18637_0018-line-007-y1=920-y2=1081.xml, 556, 626, 40, 122, 0.858253588517, 
943, 1032, 90, 186, 751f, navis-Ming-Qing_18637_0019-line-001-y1=0-y2=221.xml, 948, 1029, 93, 183, 0.853230337079, 
1930, 2023, 71, 170, 9577, navis-Ming-Qing_18637_0019-line-001-y1=0-y2=221.xml, 1934, 2019, 74, 167, 0.858585858586, 
56, 149, 32, 142, 4eca, navis-Ming-Qing_18637_0019-line-002-y1=212-y2=371.xml, 60, 146, 35, 139, 0.874291300098, 
1746, 1828, 78, 144, 4e0b, navis-Ming-Qing_18637_0019-line-004-y1=512-y2=679.xml, 1735, 1809, 34, 150, 0.422646879447, 
1840, 1924, 77, 133, 540C, navis-Ming-Qing_18637_0019-line-004-y1=512-y2=679.xml, 1698, 1911, 14, 151, 0.132936574275, 
1936, 2027, 72, 139, 4f5c, navis-Ming-Qing_18637_0019-line-004-y1=512-y2=679.xml, 1940, 2024, 46, 136, 0.649196956889, 
472, 546, 40, 135, 6c34, navis-Ming-Qing_18637_0019-line-005-y1=670-y2=828.xml, 477, 543, 43, 132, 0.835561877667, 
653, 743, 46, 132, 4e2d, navis-Ming-Qing_18637_0019-line-006-y1=819-y2=971.xml, 657, 739, 48, 129, 0.858139534884, 
1449, 1534, 34, 121, 4e0d, navis-Ming-Qing_18637_0019-line-006-y1=819-y2=971.xml, 1451, 1531, 37, 118, 0.876267748479, 
455, 543, 41, 129, 4e0b, navis-Ming-Qing_18637_0019-line-009-y1=1133-y2=1288.xml, 460, 539, 44, 126, 0.836518595041, 
953, 1042, 33, 129, 76f8, navis-Ming-Qing_18637_0019-line-009-y1=1133-y2=1288.xml, 957, 1039, 15, 126, 0.761077844311, 
1747, 1842, 23, 115, 5f97, navis-Ming-Qing_18637_0019-line-009-y1=1133-y2=1288.xml, 1752, 1839, 26, 112, 0.856064073227, 
1942, 2024, 17, 111, 4eba, navis-Ming-Qing_18637_0019-line-009-y1=1133-y2=1288.xml, 1935, 2022, 15, 138, 0.690605197906, 
1449, 1533, 17, 91, 6b64, navis-Ming-Qing_18637_0020-line-003-y1=254-y2=369.xml, 1454, 1530, 4, 88, 0.749028317601, 
1940, 2024, 26, 94, 8db3, navis-Ming-Qing_18637_0020-line-007-y1=719-y2=894.xml, 1928, 2004, 29, 105, 0.56768558952, 
852, 934, 20, 91, 9149, navis-Ming-Qing_18637_0020-line-009-y1=1087-y2=1232.xml, 854, 933, 23, 88, 0.881999312951, 
1141, 1231, 25, 94, 672a, navis-Ming-Qing_18637_0020-line-009-y1=1087-y2=1232.xml, 1146, 1227, 28, 132, 0.575581395349, 
444, 530, 21, 108, 751f, navis-Ming-Qing_18637_0021-line-006-y1=541-y2=678.xml, 448, 527, 24, 105, 0.855252606255, 
2018, 2116, 17, 100, 53CB, navis-Ming-Qing_18637_0021-line-006-y1=541-y2=678.xml, 2022, 2116, 7, 96, 0.818382190875, 
1632, 1717, 17, 101, 9593, navis-Ming-Qing_18637_0021-line-006-y1=541-y2=678.xml, 1633, 1722, 17, 98, 0.901789264414, 
547, 634, 40, 130, 4e2d, navis-Ming-Qing_18637_0021-line-007-y1=669-y2=825.xml, 551, 630, 43, 127, 0.847509578544, 
1839, 1933, 26, 128, 800c, navis-Ming-Qing_18637_0021-line-007-y1=669-y2=825.xml, 1837, 1929, 29, 125, 0.883435582822, 
1341, 1426, 38, 139, 751f, navis-Ming-Qing_18637_0021-line-008-y1=816-y2=972.xml, 1336, 1414, 41, 138, 0.780705622933, 
648, 739, 40, 139, 98ee, navis-Ming-Qing_18637_0021-line-008-y1=816-y2=972.xml, 653, 748, 15, 139, 0.693604887984, 
1054, 1140, 40, 133, 4e0d, navis-Ming-Qing_18637_0021-line-008-y1=816-y2=972.xml, 1064, 1130, 12, 130, 0.603290676417, 
1249, 1339, 36, 135, 6240, navis-Ming-Qing_18637_0021-line-008-y1=816-y2=972.xml, 1244, 1338, 39, 138, 0.883374689826, 
1130, 1220, 37, 137, 9577, navis-Ming-Qing_18637_0021-line-009-y1=963-y2=1133.xml, 1133, 1217, 40, 134, 0.877333333333, 
449, 543, 51, 150, 800c, navis-Ming-Qing_18637_0021-line-009-y1=963-y2=1133.xml, 453, 540, 54, 148, 0.878787878788, 
630, 718, 40, 97, 51fa, navis-Ming-Qing_18637_0021-line-011-y1=1284-y2=1419.xml, 634, 718, 43, 94, 0.854066985646, 
824, 911, 30, 118, 8db3, navis-Ming-Qing_18637_0021-line-011-y1=1284-y2=1419.xml, 828, 912, 33, 132, 0.791185376248, 
2039, 2128, 58, 144, 4e0b, navis-Ming-Qing_18637_0022-line-004-y1=463-y2=624.xml, 2043, 2125, 61, 144, 0.88920825712, 
586, 668, 43, 136, 4e0d, navis-Ming-Qing_18637_0022-line-004-y1=463-y2=624.xml, 581, 665, 46, 133, 0.852623743952, 
562, 650, 43, 136, 4eba, navis-Ming-Qing_18637_0022-line-009-y1=1226-y2=1386.xml, 563, 649, 19, 134, 0.763661202186, 
1842, 1937, 17, 111, 4eba, navis-Ming-Qing_18637_0023-line-006-y1=822-y2=984.xml, 1832, 1926, 14, 110, 0.770262275685, 
1060, 1149, 42, 129, 5e72, navis-Ming-Qing_18637_0023-line-009-y1=1265-y2=1485.xml, 1064, 1146, 45, 133, 0.85342584562, 
1550, 1646, 31, 124, 5341, navis-Ming-Qing_18637_0023-line-009-y1=1265-y2=1485.xml, 1555, 1642, 34, 121, 0.847782258065, 
1462, 1550, 53, 152, 9577, navis-Ming-Qing_18637_0024-line-003-y1=317-y2=486.xml, 1465, 1548, 56, 149, 0.886019283747, 
1857, 1941, 77, 140, 65e5, navis-Ming-Qing_18637_0024-line-003-y1=317-y2=486.xml, 1843, 1919, 36, 137, 0.402249134948, 
372, 461, 52, 113, 65e5, navis-Ming-Qing_18637_0024-line-007-y1=925-y2=1093.xml, 377, 458, 55, 110, 0.82059311107, 
572, 652, 30, 130, 5929, navis-Ming-Qing_18637_0024-line-008-y1=1084-y2=1250.xml, 573, 653, 33, 127, 0.917469730665, 
1929, 2024, 30, 127, 4f5c, navis-Ming-Qing_18637_0025-line-002-y1=173-y2=335.xml, 1933, 2021, 33, 124, 0.869017905589, 
962, 1041, 36, 126, 4eba, navis-Ming-Qing_18637_0025-line-007-y1=943-y2=1100.xml, 966, 1051, 39, 133, 0.760932944606, 
293, 378, 41, 136, 79cb, navis-Ming-Qing_18637_0026-line-002-y1=147-y2=315.xml, 297, 375, 44, 133, 0.859690402477, 
280, 373, 29, 122, 9577, navis-Ming-Qing_18637_0026-line-004-y1=461-y2=622.xml, 284, 374, 32, 130, 0.846812559467, 
476, 558, 35, 126, 4e0d, navis-Ming-Qing_18637_0026-line-006-y1=769-y2=936.xml, 478, 555, 38, 123, 0.877110694184, 
1938, 2024, 61, 150, 5341, navis-Ming-Qing_18637_0026-line-006-y1=769-y2=936.xml, 1943, 2021, 64, 149, 0.866213744447, 
660, 749, 27, 125, 5e72, navis-Ming-Qing_18637_0026-line-007-y1=927-y2=1069.xml, 666, 745, 30, 125, 0.860467782619, 
964, 1044, 38, 125, 6b64, navis-Ming-Qing_18637_0026-line-007-y1=927-y2=1069.xml, 969, 1041, 41, 133, 0.802547770701, 
72, 160, 42, 144, 751f, navis-Ming-Qing_18637_0027-line-005-y1=636-y2=800.xml, 76, 158, 45, 141, 0.877005347594, 
163, 264, 41, 147, 8a69, navis-Ming-Qing_18637_0027-line-005-y1=636-y2=800.xml, 168, 260, 43, 145, 0.876517840463, 
363, 464, 45, 141, 82b3, navis-Ming-Qing_18637_0027-line-007-y1=938-y2=1096.xml, 368, 461, 48, 143, 0.875227686703, 
1420, 1510, 35, 131, 5ead, navis-Ming-Qing_18637_0028-line-007-y1=929-y2=1077.xml, 1424, 1516, 38, 140, 0.797725912627, 
327, 424, 34, 116, 4e2d, navis-Ming-Qing_18637_0028-line-007-y1=929-y2=1077.xml, 331, 420, 37, 113, 0.850389741011, 
1918, 2009, 44, 126, 5929, navis-Ming-Qing_18637_0029-line-008-y1=1236-y2=1379.xml, 1923, 2006, 47, 136, 0.790762180415, 
642, 731, 30, 126, 4eba, navis-Ming-Qing_18637_0030-line-002-y1=161-y2=322.xml, 646, 735, 33, 129, 0.860829794185, 
1134, 1221, 41, 137, 4e0d, navis-Ming-Qing_18637_0030-line-005-y1=620-y2=780.xml, 1138, 1218, 44, 134, 0.862068965517, 
212, 306, 27, 106, 4e2d, navis-Ming-Qing_18637_0030-line-006-y1=771-y2=926.xml, 217, 302, 30, 103, 0.835577699973, 
213, 305, 31, 111, 4e2d, navis-Ming-Qing_18637_0030-line-007-y1=917-y2=1076.xml, 218, 302, 34, 108, 0.844565217391, 
1722, 1802, 75, 171, 77f3, navis-Ming-Qing_18637_0031-line-001-y1=0-y2=196.xml, 1722, 1799, 78, 168, 0.90234375, 
1923, 2022, 43, 139, 592B, navis-Ming-Qing_18637_0032-line-004-y1=616-y2=772.xml, 1928, 2018, 46, 147, 0.818661971831, 
422, 510, 42, 106, 65e5, navis-Ming-Qing_18637_0032-line-004-y1=616-y2=772.xml, 427, 506, 45, 103, 0.813565340909, 
56, 114, 28, 120, 5341, navis-Ming-Qing_18637_0032-line-004-y1=616-y2=772.xml, 60, 110, 31, 117, 0.805847076462, 
217, 300, 36, 136, 4eba, navis-Ming-Qing_18637_0032-line-005-y1=763-y2=918.xml, 221, 303, 39, 134, 0.874199184624, 
1423, 1510, 19, 136, 4e0d, navis-Ming-Qing_18637_0032-line-006-y1=909-y2=1062.xml, 1427, 1507, 56, 145, 0.587209835765, 
1214, 1293, 17, 117, 672a, navis-Ming-Qing_18637_0033-line-002-y1=155-y2=309.xml, 1219, 1301, 16, 126, 0.77731092437, 
1630, 1701, 22, 94, 65e5, navis-Ming-Qing_18637_0033-line-005-y1=612-y2=765.xml, 1634, 1698, 38, 91, 0.663536776213, 
824, 918, 34, 130, 5341, navis-Ming-Qing_18637_0033-line-005-y1=612-y2=765.xml, 828, 915, 37, 127, 0.867686170213, 
1031, 1127, 27, 117, 4f55, navis-Ming-Qing_18637_0033-line-005-y1=612-y2=765.xml, 1035, 1124, 30, 114, 0.865277777778, 
1133, 1217, 37, 133, 592B, navis-Ming-Qing_18637_0033-line-006-y1=756-y2=909.xml, 1138, 1221, 40, 134, 0.862425167273, 
941, 1019, 40, 127, 5929, navis-Ming-Qing_18637_0034-line-003-y1=319-y2=477.xml, 945, 1019, 43, 124, 0.883289124668, 
1431, 1521, 47, 218, 76f8, navis-Ming-Qing_18637_0034-line-004-y1=468-y2=997.xml, 1426, 1508, 50, 176, 0.605617977528, 
647, 736, 17, 81, 65e5, navis-Ming-Qing_18637_0036-line-002-y1=82-y2=212.xml, 651, 733, 18, 78, 0.863764044944, 
942, 1029, 36, 136, 4E0A, navis-Ming-Qing_18637_0036-line-003-y1=203-y2=368.xml, 947, 1027, 39, 133, 0.864367816092, 
342, 439, 25, 131, 6240, navis-Ming-Qing_18637_0036-line-004-y1=359-y2=520.xml, 346, 436, 28, 128, 0.875316086365, 
1822, 1916, 41, 143, 5176, navis-Ming-Qing_18637_0036-line-004-y1=359-y2=520.xml, 1826, 1888, 44, 139, 0.614309553609, 
936, 1028, 35, 130, 5341, navis-Ming-Qing_18637_0036-line-004-y1=359-y2=520.xml, 940, 1025, 38, 127, 0.865560640732, 
2022, 2119, 17, 139, 592B, navis-Ming-Qing_18637_0036-line-005-y1=511-y2=667.xml, 2026, 2132, 4, 153, 0.696843139663, 
632, 728, 29, 131, 4e4b, navis-Ming-Qing_18637_0036-line-005-y1=511-y2=667.xml, 636, 725, 32, 128, 0.872549019608, 
1816, 1904, 39, 134, 4eba, navis-Ming-Qing_18637_0036-line-008-y1=966-y2=1117.xml, 1820, 1904, 42, 142, 0.855624446413, 
339, 421, 40, 134, 5929, navis-Ming-Qing_18637_0036-line-010-y1=1254-y2=1405.xml, 343, 419, 43, 136, 0.87989821883, 
528, 623, 53, 141, 4e4b, navis-Ming-Qing_18637_0037-line-003-y1=342-y2=500.xml, 531, 617, 22, 147, 0.655692254375, 
1226, 1320, 35, 121, 9593, navis-Ming-Qing_18637_0037-line-004-y1=491-y2=648.xml, 1228, 1317, 38, 118, 0.880752102919, 
538, 632, 48, 140, 6240, navis-Ming-Qing_18637_0037-line-004-y1=491-y2=648.xml, 542, 633, 51, 145, 0.871409921671, 
1435, 1525, 19, 121, 8db3, navis-Ming-Qing_18637_0037-line-006-y1=793-y2=952.xml, 1424, 1509, 22, 148, 0.583094555874, 
1842, 1929, 17, 111, 800c, navis-Ming-Qing_18637_0037-line-007-y1=943-y2=1103.xml, 1838, 1926, 17, 108, 0.894872395224, 
607, 681, 20, 109, 98a8, navis-Ming-Qing_18641_0004-line-002-y1=235-y2=361.xml, 612, 691, 22, 116, 0.749531776751, 
1039, 1104, 116, 193, 4E16, navis-Ming-Qing_18641_0004-line-004-y1=553-y2=763.xml, 1043, 1101, 119, 201, 0.784786981167, 
1309, 1374, 107, 191, 5929, navis-Ming-Qing_18641_0004-line-004-y1=553-y2=763.xml, 1313, 1378, 110, 188, 0.824324324324, 
2273, 2330, 44, 115, 4E0A, navis-Ming-Qing_18641_0004-line-008-y1=1028-y2=1165.xml, 2278, 2328, 47, 112, 0.803063998023, 
681, 766, 29, 97, 9ad9, navis-Ming-Qing_18641_0004-line-009-y1=1162-y2=1286.xml, 692, 769, 32, 94, 0.769024472008, 
583, 658, 79, 175, 7121, navis-Ming-Qing_18641_0005-line-002-y1=146-y2=338.xml, 587, 655, 82, 176, 0.870115575124, 
2254, 2319, 107, 186, 7121, navis-Ming-Qing_18641_0005-line-004-y1=531-y2=734.xml, 2258, 2321, 110, 198, 0.767168624855, 
743, 797, 17, 99, 5929, navis-Ming-Qing_18641_0005-line-007-y1=993-y2=1140.xml, 747, 800, 18, 96, 0.836550836551, 
688, 756, 23, 100, 751f, navis-Ming-Qing_18641_0006-line-006-y1=620-y2=746.xml, 692, 753, 26, 97, 0.827158135982, 
603, 670, 33, 113, 751f, navis-Ming-Qing_18641_0006-line-009-y1=1008-y2=1320.xml, 607, 669, 36, 110, 0.855970149254, 
2172, 2243, 25, 138, 7121, navis-Ming-Qing_18641_0006-line-009-y1=1008-y2=1320.xml, 2176, 2245, 28, 135, 0.87034114362, 
844, 911, 17, 91, 98a8, navis-Ming-Qing_18641_0007-line-003-y1=215-y2=346.xml, 848, 915, 16, 99, 0.79597063343, 
756, 819, 33, 99, 4e0d, navis-Ming-Qing_18641_0007-line-004-y1=343-y2=469.xml, 761, 816, 36, 96, 0.793650793651, 
1187, 1256, 53, 100, 6708, navis-Ming-Qing_18641_0007-line-006-y1=597-y2=740.xml, 1191, 1253, 56, 97, 0.783842121492, 
1092, 1147, 23, 115, 5929, navis-Ming-Qing_18641_0007-line-010-y1=1126-y2=1317.xml, 1096, 1151, 26, 120, 0.797575118608, 
920, 987, 83, 160, 53e5, navis-Ming-Qing_18641_0008-line-001-y1=7-y2=207.xml, 924, 984, 86, 157, 0.825741422756, 
1099, 1171, 39, 118, 541B, navis-Ming-Qing_18641_0008-line-003-y1=333-y2=530.xml, 1103, 1176, 42, 122, 0.812578616352, 
1364, 1425, 112, 183, 4e0d, navis-Ming-Qing_18641_0008-line-004-y1=527-y2=727.xml, 1368, 1421, 115, 184, 0.822080291971, 
2589, 2659, 86, 181, 98a8, navis-Ming-Qing_18641_0008-line-004-y1=527-y2=727.xml, 2593, 2656, 89, 178, 0.843157894737, 
2503, 2553, 46, 112, 7530, navis-Ming-Qing_18641_0009-line-003-y1=242-y2=371.xml, 2507, 2550, 49, 109, 0.781818181818, 
1692, 1772, 51, 106, 591a, navis-Ming-Qing_18641_0009-line-003-y1=242-y2=371.xml, 1696, 1770, 54, 103, 0.824090909091, 
1257, 1323, 24, 112, 6c34, navis-Ming-Qing_18641_0009-line-003-y1=242-y2=371.xml, 1261, 1320, 27, 113, 0.854780978354, 
2042, 2114, 28, 105, 5927, navis-Ming-Qing_18641_0009-line-004-y1=368-y2=490.xml, 2046, 2111, 31, 116, 0.768493369548, 
1617, 1667, 45, 111, 4E0A, navis-Ming-Qing_18641_0009-line-007-y1=742-y2=879.xml, 1621, 1664, 48, 108, 0.781818181818, 
1252, 1321, 19, 103, 53CB, navis-Ming-Qing_18641_0009-line-007-y1=742-y2=879.xml, 1256, 1321, 22, 100, 0.874741200828, 
2141, 2213, 33, 94, 53ef, navis-Ming-Qing_18641_0009-line-008-y1=876-y2=1002.xml, 2145, 2210, 36, 105, 0.738202467202, 
879, 950, 84, 176, 98a8, navis-Ming-Qing_18641_0010-line-001-y1=7-y2=275.xml, 883, 955, 85, 173, 0.845668387837, 
1044, 1127, 102, 188, 8a69, navis-Ming-Qing_18641_0010-line-002-y1=272-y2=477.xml, 1048, 1125, 105, 188, 0.895348837209, 
2177, 2254, 35, 118, 541B, navis-Ming-Qing_18641_0010-line-003-y1=474-y2=609.xml, 2181, 2251, 38, 117, 0.865279299014, 
869, 921, 171, 252, 4E09, navis-Ming-Qing_18641_0010-line-006-y1=997-y2=1321.xml, 902, 918, 174, 249, 0.2849002849, 
1277, 1347, 84, 182, 5929, navis-Ming-Qing_18641_0011-line-004-y1=416-y2=625.xml, 1282, 1353, 85, 188, 0.801347229283, 
1730, 1783, 93, 187, 5929, navis-Ming-Qing_18641_0011-line-004-y1=416-y2=625.xml, 1734, 1783, 96, 184, 0.865515857086, 
2262, 2323, 111, 191, 5341, navis-Ming-Qing_18641_0011-line-004-y1=416-y2=625.xml, 2266, 2319, 114, 188, 0.80368852459, 
1369, 1436, 96, 166, 4E16, navis-Ming-Qing_18641_0011-line-006-y1=818-y2=1335.xml, 1373, 1433, 99, 191, 0.64943457189, 
650, 701, 46, 115, 4E0A, navis-Ming-Qing_18641_0012-line-006-y1=975-y2=1179.xml, 654, 698, 49, 112, 0.787723785166, 
1847, 1932, 180, 232, 6708, navis-Ming-Qing_18641_0013-line-003-y1=375-y2=627.xml, 1851, 1929, 183, 229, 0.811764705882, 
1236, 1304, 149, 235, 7121, navis-Ming-Qing_18641_0013-line-003-y1=375-y2=627.xml, 1240, 1306, 152, 249, 0.76563851254, 
722, 769, 25, 126, 5973, navis-Ming-Qing_18641_0013-line-004-y1=624-y2=822.xml, 726, 767, 28, 123, 0.820518222035, 
1144, 1216, 30, 105, 541B, navis-Ming-Qing_18641_0013-line-006-y1=1019-y2=1328.xml, 1148, 1214, 33, 103, 0.855555555556, 
2102, 2179, 41, 112, 53ef, navis-Ming-Qing_18641_0014-line-002-y1=183-y2=312.xml, 2107, 2176, 44, 119, 0.788571428571, 
709, 776, 24, 132, 7121, navis-Ming-Qing_18641_0014-line-003-y1=309-y2=514.xml, 714, 775, 27, 129, 0.859867330017, 
869, 934, 44, 106, 51fa, navis-Ming-Qing_18641_0014-line-006-y1=854-y2=1060.xml, 874, 933, 47, 103, 0.819851116625, 
707, 766, 44, 112, 4e0d, navis-Ming-Qing_18641_0014-line-006-y1=854-y2=1060.xml, 711, 763, 47, 109, 0.803589232303, 
1716, 1804, 41, 104, 4e2d, navis-Ming-Qing_18641_0015-line-005-y1=621-y2=746.xml, 1720, 1801, 44, 101, 0.832792207792, 
2252, 2305, 112, 192, 4E0A, navis-Ming-Qing_18641_0015-line-007-y1=943-y2=1152.xml, 2257, 2304, 115, 196, 0.817299006323, 
973, 1039, 94, 184, 5927, navis-Ming-Qing_18641_0016-line-002-y1=257-y2=464.xml, 977, 1041, 97, 181, 0.852652259332, 
1155, 1215, 87, 185, 5929, navis-Ming-Qing_18641_0016-line-002-y1=257-y2=464.xml, 1159, 1219, 90, 182, 0.824583866837, 
2128, 2201, 40, 108, 53ef, navis-Ming-Qing_18641_0016-line-003-y1=461-y2=586.xml, 2133, 2198, 43, 115, 0.779664144676, 
1946, 2011, 104, 189, 591c, navis-Ming-Qing_18641_0016-line-005-y1=781-y2=987.xml, 1959, 2011, 107, 203, 0.681912681913, 
624, 705, 98, 189, 6642, navis-Ming-Qing_18641_0016-line-005-y1=781-y2=987.xml, 628, 707, 101, 187, 0.877900039772, 
706, 790, 106, 185, 6642, navis-Ming-Qing_18641_0016-line-005-y1=781-y2=987.xml, 711, 786, 109, 182, 0.825045207957, 
1850, 1934, 27, 98, 8a69, navis-Ming-Qing_18641_0016-line-006-y1=984-y2=1113.xml, 1855, 1931, 30, 117, 0.697624190065, 
1399, 1466, 28, 112, 7121, navis-Ming-Qing_18641_0016-line-006-y1=984-y2=1113.xml, 1403, 1473, 30, 124, 0.733598409543, 
692, 751, 38, 105, 4E0A, navis-Ming-Qing_18641_0017-line-003-y1=381-y2=512.xml, 696, 748, 41, 102, 0.80242853529, 
1664, 1728, 97, 168, 4e0d, navis-Ming-Qing_18641_0017-line-005-y1=707-y2=905.xml, 1668, 1725, 100, 165, 0.815360915493, 
726, 797, 33, 112, 4e91, navis-Ming-Qing_18641_0018-line-001-y1=49-y2=178.xml, 731, 794, 36, 109, 0.819932251738, 
2463, 2534, 34, 120, 7121, navis-Ming-Qing_18641_0018-line-002-y1=175-y2=312.xml, 2468, 2534, 37, 119, 0.886341303636, 
1929, 1993, 101, 183, 751f, navis-Ming-Qing_18641_0018-line-004-y1=507-y2=707.xml, 1934, 1995, 104, 191, 0.790804207669, 
976, 1039, 43, 106, 4e0d, navis-Ming-Qing_18641_0018-line-006-y1=844-y2=967.xml, 981, 1036, 46, 108, 0.809021819073, 
1496, 1572, 48, 125, 5b50, navis-Ming-Qing_18641_0018-line-008-y1=1090-y2=1243.xml, 1501, 1569, 51, 122, 0.825017088175, 
717, 785, 58, 133, 5341, navis-Ming-Qing_18641_0018-line-008-y1=1090-y2=1243.xml, 721, 782, 61, 131, 0.837254901961, 
2354, 2425, 43, 115, 4e91, navis-Ming-Qing_18641_0019-line-002-y1=94-y2=230.xml, 2359, 2422, 46, 112, 0.81338028169, 
2533, 2617, 40, 115, 6642, navis-Ming-Qing_18641_0019-line-002-y1=94-y2=230.xml, 2537, 2614, 43, 112, 0.843333333333, 
1045, 1116, 29, 119, 7121, navis-Ming-Qing_18641_0019-line-002-y1=94-y2=230.xml, 1050, 1113, 32, 130, 0.773824650572, 
784, 849, 46, 112, 4e0d, navis-Ming-Qing_18641_0019-line-005-y1=632-y2=774.xml, 788, 846, 49, 109, 0.811188811189, 
878, 945, 38, 113, 5b50, navis-Ming-Qing_18641_0019-line-006-y1=771-y2=904.xml, 883, 942, 41, 110, 0.810149253731, 
2185, 2257, 22, 105, 751f, navis-Ming-Qing_18641_0020-line-002-y1=210-y2=340.xml, 2190, 2255, 25, 102, 0.837516733601, 
2543, 2617, 31, 105, 751f, navis-Ming-Qing_18641_0020-line-005-y1=599-y2=721.xml, 2548, 2617, 34, 116, 0.78572574178, 
1667, 1747, 97, 170, 4e0d, navis-Ming-Qing_18641_0020-line-008-y1=927-y2=1116.xml, 1672, 1744, 100, 169, 0.850684931507, 
1033, 1100, 41, 131, 5341, navis-Ming-Qing_18641_0021-line-002-y1=113-y2=270.xml, 1037, 1096, 44, 128, 0.821890547264, 
749, 839, 26, 121, 5176, navis-Ming-Qing_18641_0021-line-005-y1=514-y2=652.xml, 753, 835, 29, 125, 0.849740932642, 
819, 874, 35, 115, 4E0A, navis-Ming-Qing_18641_0022-line-002-y1=298-y2=501.xml, 823, 872, 38, 112, 0.824090909091, 
1510, 1574, 103, 183, 751f, navis-Ming-Qing_18641_0022-line-003-y1=498-y2=763.xml, 1515, 1574, 106, 180, 0.852734375, 
901, 967, 40, 118, 751f, navis-Ming-Qing_18641_0022-line-005-y1=955-y2=1090.xml, 905, 965, 43, 116, 0.850815850816, 
821, 882, 20, 118, 5929, navis-Ming-Qing_18641_0022-line-005-y1=955-y2=1090.xml, 826, 883, 23, 115, 0.848764415157, 
1433, 1502, 30, 118, 7121, navis-Ming-Qing_18641_0022-line-005-y1=955-y2=1090.xml, 1437, 1502, 33, 128, 0.82192799762, 
1087, 1139, 44, 118, 5973, navis-Ming-Qing_18641_0022-line-005-y1=955-y2=1090.xml, 1092, 1135, 47, 132, 0.68606741573, 
725, 802, 47, 124, 4e91, navis-Ming-Qing_18641_0022-line-006-y1=1087-y2=1228.xml, 730, 802, 50, 121, 0.862202732333, 
1092, 1147, 45, 118, 4e0d, navis-Ming-Qing_18641_0022-line-006-y1=1087-y2=1228.xml, 1096, 1143, 48, 115, 0.784308841843, 
1961, 2029, 25, 96, 98a8, navis-Ming-Qing_18641_0022-line-006-y1=1087-y2=1228.xml, 1966, 2026, 28, 108, 0.735400144196, 
2568, 2635, 32, 124, 7121, navis-Ming-Qing_18641_0022-line-006-y1=1087-y2=1228.xml, 2572, 2633, 35, 128, 0.847222222222, 
847, 907, 45, 120, 4e0d, navis-Ming-Qing_18641_0023-line-002-y1=104-y2=316.xml, 852, 904, 48, 117, 0.797333333333, 
1446, 1515, 44, 109, 751f, navis-Ming-Qing_18641_0023-line-004-y1=512-y2=638.xml, 1451, 1514, 47, 123, 0.727780883175, 
751, 814, 32, 107, 4e0d, navis-Ming-Qing_18641_0023-line-004-y1=512-y2=638.xml, 755, 811, 35, 104, 0.817777777778, 
2329, 2412, 22, 111, 8272, navis-Ming-Qing_18641_0023-line-009-y1=1175-y2=1372.xml, 2333, 2409, 25, 108, 0.85393258427, 
1727, 1804, 96, 179, 82b1, navis-Ming-Qing_18641_0024-line-007-y1=793-y2=989.xml, 1731, 1802, 98, 181, 0.880300015307, 
2265, 2342, 31, 112, 5149, navis-Ming-Qing_18641_0024-line-008-y1=986-y2=1115.xml, 2269, 2339, 34, 109, 0.841750841751, 
1365, 1434, 105, 196, 98a8, navis-Ming-Qing_18641_0025-line-002-y1=177-y2=455.xml, 1369, 1435, 108, 193, 0.868164676304, 
824, 902, 96, 160, 4e2d, navis-Ming-Qing_18641_0025-line-003-y1=452-y2=649.xml, 828, 898, 99, 157, 0.813301282051, 
1534, 1599, 37, 115, 4e0d, navis-Ming-Qing_18641_0025-line-004-y1=646-y2=783.xml, 1538, 1596, 40, 114, 0.846548323471, 
2142, 2238, 51, 132, 83ef, navis-Ming-Qing_18641_0025-line-008-y1=1169-y2=1338.xml, 2147, 2234, 54, 129, 0.83912037037, 
2057, 2136, 31, 132, 98a8, navis-Ming-Qing_18641_0025-line-008-y1=1169-y2=1338.xml, 2062, 2133, 34, 129, 0.845344028074, 
1051, 1137, 45, 96, 5DFE, navis-Ming-Qing_18641_0026-line-005-y1=572-y2=705.xml, 1056, 1133, 48, 93, 0.790013679891, 
703, 757, 34, 108, 4E0A, navis-Ming-Qing_18641_0026-line-008-y1=977-y2=1106.xml, 707, 754, 37, 105, 0.7997997998, 
1209, 1275, 51, 142, 4E16, navis-Ming-Qing_18641_0027-line-002-y1=106-y2=265.xml, 1213, 1272, 54, 143, 0.856059356966, 
949, 1008, 21, 110, 53c8, navis-Ming-Qing_18641_0027-line-003-y1=262-y2=411.xml, 953, 1006, 24, 108, 0.847838506951, 
1131, 1178, 25, 91, 4E0A, navis-Ming-Qing_18641_0027-line-004-y1=408-y2=530.xml, 1135, 1174, 28, 88, 0.754352030948, 
1567, 1637, 37, 102, 5b50, navis-Ming-Qing_18641_0027-line-004-y1=408-y2=530.xml, 1571, 1634, 40, 99, 0.816923076923, 
1444, 1532, 33, 116, 751f, navis-Ming-Qing_18641_0027-line-007-y1=797-y2=941.xml, 1448, 1529, 36, 113, 0.853915662651, 
2071, 2159, 51, 112, 9ad9, navis-Ming-Qing_18641_0027-line-007-y1=797-y2=941.xml, 2081, 2156, 54, 109, 0.768442622951, 
839, 894, 33, 106, 4E16, navis-Ming-Qing_18641_0027-line-010-y1=1184-y2=1307.xml, 843, 891, 36, 115, 0.755565549809, 
1306, 1380, 36, 109, 541B, navis-Ming-Qing_18641_0028-line-001-y1=62-y2=196.xml, 1310, 1376, 39, 106, 0.818585708997, 
2002, 2083, 30, 117, 7121, navis-Ming-Qing_18641_0028-line-001-y1=62-y2=196.xml, 2006, 2080, 33, 130, 0.776126857286, 
704, 759, 17, 97, 53c8, navis-Ming-Qing_18641_0028-line-002-y1=193-y2=324.xml, 708, 759, 18, 94, 0.880909090909, 
1395, 1465, 42, 111, 5b50, navis-Ming-Qing_18641_0028-line-002-y1=193-y2=324.xml, 1399, 1462, 45, 108, 0.821739130435, 
1666, 1732, 21, 92, 98a8, navis-Ming-Qing_18641_0028-line-002-y1=193-y2=324.xml, 1670, 1731, 24, 110, 0.717150760719, 
1662, 1726, 40, 111, 7121, navis-Ming-Qing_18641_0028-line-005-y1=574-y2=716.xml, 1666, 1709, 43, 106, 0.596170774648, 
2612, 2673, 64, 126, 4E16, navis-Ming-Qing_18641_0029-line-002-y1=107-y2=250.xml, 2617, 2670, 67, 134, 0.74346172135, 
1284, 1335, 37, 128, 4E0A, navis-Ming-Qing_18641_0029-line-005-y1=507-y2=652.xml, 1288, 1336, 40, 128, 0.874603510256, 
1185, 1249, 41, 120, 4E16, navis-Ming-Qing_18641_0029-line-005-y1=507-y2=652.xml, 1189, 1246, 44, 117, 0.822982594937, 
1703, 1784, 42, 115, 751f, navis-Ming-Qing_18641_0029-line-006-y1=649-y2=781.xml, 1708, 1783, 45, 114, 0.875190258752, 
1095, 1153, 37, 119, 5973, navis-Ming-Qing_18641_0029-line-008-y1=914-y2=1050.xml, 1100, 1150, 40, 132, 0.730669626341, 
1816, 1874, 26, 96, 53c8, navis-Ming-Qing_18641_0029-line-009-y1=1047-y2=1180.xml, 1820, 1872, 29, 93, 0.819704433498, 
1268, 1339, 35, 116, 751f, navis-Ming-Qing_18641_0029-line-009-y1=1047-y2=1180.xml, 1272, 1338, 38, 114, 0.872196139802, 
1590, 1656, 36, 115, 4e0d, navis-Ming-Qing_18641_0030-line-003-y1=333-y2=465.xml, 1594, 1652, 39, 115, 0.845416187188, 
2123, 2170, 48, 115, 5973, navis-Ming-Qing_18641_0030-line-003-y1=333-y2=465.xml, 2127, 2172, 51, 129, 0.704376759662, 
2529, 2608, 48, 122, 751f, navis-Ming-Qing_18641_0031-line-003-y1=273-y2=412.xml, 2534, 2606, 51, 120, 0.849811837154, 
1482, 1537, 33, 118, 5973, navis-Ming-Qing_18641_0031-line-004-y1=409-y2=544.xml, 1487, 1537, 36, 132, 0.762790697674, 
1836, 1914, 17, 94, 672c, navis-Ming-Qing_18641_0032-line-005-y1=549-y2=680.xml, 1840, 1910, 14, 104, 0.779352226721, 
1834, 1900, 78, 137, 4e0d, navis-Ming-Qing_18641_0033-line-002-y1=141-y2=295.xml, 1839, 1897, 81, 151, 0.690182745431, 
962, 1013, 44, 137, 5973, navis-Ming-Qing_18641_0033-line-002-y1=141-y2=295.xml, 966, 1014, 47, 141, 0.841791044776, 
1205, 1270, 56, 123, 751f, navis-Ming-Qing_18641_0033-line-004-y1=413-y2=562.xml, 1209, 1271, 59, 120, 0.842617753623, 
768, 829, 17, 97, 77f3, navis-Ming-Qing_18641_0033-line-006-y1=697-y2=818.xml, 772, 826, 19, 94, 0.829918032787, 
1009, 1066, 18, 97, 58EB, navis-Ming-Qing_18641_0033-line-009-y1=1218-y2=1361.xml, 1013, 1062, 21, 94, 0.794359316012, 
1052, 1117, 17, 105, 5927, navis-Ming-Qing_18641_0034-line-003-y1=170-y2=298.xml, 1057, 1118, 10, 102, 0.818356867779, 
1141, 1191, 25, 114, 5973, navis-Ming-Qing_18641_0034-line-005-y1=427-y2=558.xml, 1145, 1188, 28, 122, 0.771380892783, 
1478, 1544, 51, 120, 751f, navis-Ming-Qing_18641_0034-line-008-y1=823-y2=960.xml, 1482, 1543, 54, 117, 0.843873517787, 
2534, 2608, 42, 120, 751f, navis-Ming-Qing_18641_0034-line-008-y1=823-y2=960.xml, 2539, 2610, 45, 127, 0.806200342733, 
961, 1020, 63, 102, 65e5, navis-Ming-Qing_18641_0034-line-008-y1=823-y2=960.xml, 965, 1016, 66, 99, 0.731421121252, 
1585, 1662, 18, 88, 8272, navis-Ming-Qing_18641_0034-line-009-y1=957-y2=1086.xml, 1590, 1659, 21, 85, 0.819294990724, 
2230, 2306, 59, 123, 541B, navis-Ming-Qing_18641_0035-line-002-y1=287-y2=427.xml, 2234, 2303, 62, 126, 0.830013803983, 
1530, 1582, 36, 106, 5973, navis-Ming-Qing_18641_0035-line-003-y1=424-y2=547.xml, 1535, 1579, 39, 120, 0.692669172932, 
2232, 2311, 57, 125, 541B, navis-Ming-Qing_18641_0035-line-005-y1=681-y2=823.xml, 2237, 2307, 60, 125, 0.846984363366, 
1781, 1859, 58, 123, 5b50, navis-Ming-Qing_18641_0035-line-005-y1=681-y2=823.xml, 1786, 1856, 61, 120, 0.81459566075, 
1604, 1680, 22, 88, 8272, navis-Ming-Qing_18641_0035-line-006-y1=820-y2=946.xml, 1608, 1678, 25, 112, 0.658602150538, 
1521, 1578, 27, 124, 5973, navis-Ming-Qing_18641_0035-line-009-y1=1219-y2=1395.xml, 1525, 1575, 30, 121, 0.822933622717, 
2005, 2063, 34, 116, 4E16, navis-Ming-Qing_18641_0036-line-008-y1=817-y2=950.xml, 2009, 2060, 37, 117, 0.838152693988, 
863, 941, 54, 103, 6708, navis-Ming-Qing_18641_0036-line-008-y1=817-y2=950.xml, 868, 937, 57, 100, 0.776295133438, 
1654, 1727, 34, 116, 4e0d, navis-Ming-Qing_18641_0036-line-008-y1=817-y2=950.xml, 1659, 1724, 37, 116, 0.857834948212, 
2181, 2258, 26, 116, 7121, navis-Ming-Qing_18641_0036-line-008-y1=817-y2=950.xml, 2186, 2255, 29, 130, 0.760258358663, 
2350, 2435, 210, 263, 6642, navis-Ming-Qing_18641_0037-line-001-y1=7-y2=366.xml, 2354, 2432, 209, 286, 0.648267210287, 
2258, 2336, 44, 112, 5b50, navis-Ming-Qing_18641_0037-line-007-y1=1087-y2=1216.xml, 2262, 2332, 47, 115, 0.82517228872, 
691, 772, 158, 251, 672c, navis-Ming-Qing_18641_0038-line-001-y1=10-y2=281.xml, 695, 768, 161, 246, 0.823709013673, 
1408, 1486, 168, 242, 96ea, navis-Ming-Qing_18641_0038-line-001-y1=10-y2=281.xml, 1413, 1482, 171, 239, 0.81288981289, 
1000, 1061, 34, 98, 8a00, navis-Ming-Qing_18641_0038-line-007-y1=807-y2=936.xml, 1004, 1024, 37, 95, 0.297131147541, 
874, 953, 20, 109, 5927, navis-Ming-Qing_18641_0038-line-008-y1=933-y2=1067.xml, 879, 951, 23, 106, 0.849950220452, 
637, 721, 17, 110, 4E16, navis-Ming-Qing_18641_0038-line-008-y1=933-y2=1067.xml, 641, 718, 18, 107, 0.877240143369, 
1071, 1142, 20, 87, 53ef, navis-Ming-Qing_18641_0038-line-008-y1=933-y2=1067.xml, 1071, 1139, 23, 111, 0.681170762248, 
736, 797, 19, 117, 4eba, navis-Ming-Qing_18641_0038-line-008-y1=933-y2=1067.xml, 741, 795, 22, 114, 0.831047172968, 
2274, 2355, 21, 110, 541B, navis-Ming-Qing_18641_0039-line-003-y1=260-y2=387.xml, 2278, 2351, 24, 113, 0.845180398492, 
974, 1036, 38, 113, 77f3, navis-Ming-Qing_18641_0040-line-001-y1=7-y2=137.xml, 978, 1039, 41, 113, 0.858199753391, 
2193, 2264, 34, 121, 5149, navis-Ming-Qing_18641_0040-line-002-y1=134-y2=272.xml, 2198, 2265, 37, 119, 0.86467486819, 
644, 706, 38, 103, 77f3, navis-Ming-Qing_18641_0040-line-002-y1=134-y2=272.xml, 648, 703, 41, 100, 0.805210918114, 
1062, 1138, 34, 111, 4e91, navis-Ming-Qing_18641_0040-line-003-y1=269-y2=397.xml, 1067, 1135, 37, 115, 0.821685173089, 
2110, 2181, 21, 111, 5929, navis-Ming-Qing_18641_0040-line-003-y1=269-y2=397.xml, 2115, 2184, 24, 112, 0.854464285714, 
714, 777, 29, 108, 5927, navis-Ming-Qing_18641_0040-line-004-y1=394-y2=525.xml, 719, 774, 32, 105, 0.806710870002, 
1681, 1748, 36, 116, 591c, navis-Ming-Qing_18641_0040-line-007-y1=794-y2=927.xml, 1698, 1755, 39, 126, 0.595146081311, 
875, 940, 22, 113, 5927, navis-Ming-Qing_18641_0040-line-008-y1=924-y2=1135.xml, 879, 944, 24, 115, 0.848148726761, 
2551, 2630, 112, 177, 541B, navis-Ming-Qing_18641_0041-line-007-y1=855-y2=1049.xml, 2555, 2627, 115, 183, 0.801868151608, 
604, 676, 39, 115, 4e0d, navis-Ming-Qing_18641_0041-line-008-y1=1046-y2=1178.xml, 608, 673, 42, 115, 0.867141812865, 
2093, 2180, 51, 112, 4e2d, navis-Ming-Qing_18641_0042-line-003-y1=424-y2=556.xml, 2097, 2177, 54, 109, 0.829093649896, 
592, 656, 35, 98, 51fa, navis-Ming-Qing_18641_0043-line-004-y1=679-y2=808.xml, 596, 656, 38, 95, 0.848214285714, 
590, 651, 25, 125, 5973, navis-Ming-Qing_18641_0043-line-008-y1=1214-y2=1359.xml, 594, 647, 28, 122, 0.816721311475, 
2354, 2438, 46, 101, 4e2d, navis-Ming-Qing_18641_0044-line-003-y1=297-y2=434.xml, 2359, 2435, 49, 98, 0.806060606061, 
1196, 1262, 85, 177, 5927, navis-Ming-Qing_18641_0045-line-003-y1=493-y2=699.xml, 1200, 1261, 88, 174, 0.863965744401, 
578, 661, 92, 162, 9ad9, navis-Ming-Qing_18641_0045-line-003-y1=493-y2=699.xml, 582, 664, 95, 159, 0.842385871376, 
838, 898, 98, 174, 58EB, navis-Ming-Qing_18641_0045-line-003-y1=493-y2=699.xml, 843, 895, 101, 171, 0.798245614035, 
1795, 1883, 41, 115, 5b50, navis-Ming-Qing_18641_0045-line-007-y1=1093-y2=1229.xml, 1800, 1880, 44, 112, 0.835380835381, 
1125, 1206, 31, 117, 8a69, navis-Ming-Qing_18641_0046-line-004-y1=583-y2=717.xml, 1130, 1203, 34, 117, 0.869796152742, 
1567, 1626, 33, 110, 4E0A, navis-Ming-Qing_18641_0046-line-005-y1=714-y2=842.xml, 1571, 1623, 36, 107, 0.812678846577, 
1031, 1107, 20, 98, 8272, navis-Ming-Qing_18641_0046-line-005-y1=714-y2=842.xml, 1036, 1104, 23, 94, 0.814439946019, 
949, 1000, 17, 95, 53c8, navis-Ming-Qing_18641_0046-line-009-y1=1113-y2=1247.xml, 953, 1001, 10, 92, 0.803144224197, 
772, 817, 28, 138, 4eba, navis-Ming-Qing_18641_0047-line-002-y1=136-y2=291.xml, 776, 818, 31, 141, 0.846420991704, 
2066, 2157, 42, 120, -Min, navis-Ming-Qing_18641_0047-line-004-y1=428-y2=565.xml, 2070, 2154, 45, 119, 0.87573964497, 
765, 811, 17, 106, 4eba, navis-Ming-Qing_18641_0047-line-005-y1=562-y2=760.xml, 769, 810, 7, 103, 0.782859680284, 
2339, 2413, 26, 94, 8272, navis-Ming-Qing_18641_0047-line-008-y1=1218-y2=1370.xml, 2342, 2414, 29, 125, 0.629690271524, 
956, 1005, 85, 175, 53c8, navis-Ming-Qing_18641_0048-line-002-y1=243-y2=451.xml, 961, 1009, 87, 172, 0.787368421053, 
710, 762, 97, 170, 800c, navis-Ming-Qing_18641_0048-line-002-y1=243-y2=451.xml, 714, 762, 100, 167, 0.847207586934, 
2695, 2805, 47, 110, 4e2d, navis-Ming-Qing_18641_0048-line-005-y1=706-y2=972.xml, 2700, 2801, 50, 107, 0.830735930736, 
770, 818, 26, 132, 4eba, navis-Ming-Qing_18641_0049-line-002-y1=132-y2=287.xml, 774, 823, 22, 131, 0.795317610604, 
937, 995, 18, 121, 53c8, navis-Ming-Qing_18641_0049-line-004-y1=425-y2=698.xml, 941, 998, 21, 116, 0.819619747564, 
741, 796, 17, 113, 4eba, navis-Ming-Qing_18641_0049-line-006-y1=941-y2=1071.xml, 746, 797, 9, 121, 0.77519379845, 
1484, 1553, 365, 438, 5b50, navis-Ming-Qing_18641_0050-line-001-y1=7-y2=522.xml, 1488, 1550, 368, 435, 0.824697240421, 
2620, 2695, 34, 114, 7121, navis-Ming-Qing_18641_0050-line-003-y1=716-y2=847.xml, 2624, 2692, 37, 128, 0.753164556962, 
1534, 1590, 32, 119, 53c8, navis-Ming-Qing_18641_0051-line-004-y1=678-y2=814.xml, 1538, 1586, 35, 119, 0.827586206897, 
1268, 1348, 45, 117, 8a69, navis-Ming-Qing_18641_0051-line-004-y1=678-y2=814.xml, 1272, 1345, 48, 114, 0.836458333333, 
2000, 2051, 39, 87, 7530, navis-Ming-Qing_18641_0051-line-005-y1=811-y2=936.xml, 1995, 2055, 42, 114, 0.513078470825, 
1435, 1522, 112, 172, 4e2d, navis-Ming-Qing_18641_0051-line-007-y1=1128-y2=1364.xml, 1439, 1519, 115, 169, 0.827586206897, 
619, 687, 94, 186, 751f, navis-Ming-Qing_18641_0052-line-005-y1=638-y2=844.xml, 624, 688, 97, 183, 0.854304635762, 
2531, 2600, 57, 126, 751f, navis-Ming-Qing_18641_0052-line-008-y1=1101-y2=1244.xml, 2535, 2601, 60, 132, 0.821367030442, 
2098, 2188, 47, 99, 6642, navis-Ming-Qing_18641_0052-line-008-y1=1101-y2=1244.xml, 2103, 2184, 50, 129, 0.558227848101, 
2278, 2353, 121, 184, 5b50, navis-Ming-Qing_18641_0053-line-003-y1=353-y2=561.xml, 2282, 2350, 124, 181, 0.820317460317, 
606, 685, 39, 105, 81ea, navis-Ming-Qing_18641_0053-line-004-y1=558-y2=760.xml, 610, 682, 42, 102, 0.828538550058, 
949, 1006, 89, 178, 53c8, navis-Ming-Qing_18641_0053-line-005-y1=757-y2=955.xml, 953, 1003, 92, 175, 0.818056376897, 
851, 939, 98, 181, 8a69, navis-Ming-Qing_18641_0053-line-005-y1=757-y2=955.xml, 855, 936, 101, 180, 0.876095290252, 
1833, 1904, 43, 106, 51fa, navis-Ming-Qing_18641_0054-line-003-y1=314-y2=450.xml, 1838, 1902, 46, 102, 0.801251956182, 
795, 856, 36, 102, 4e0d, navis-Ming-Qing_18641_0054-line-004-y1=447-y2=582.xml, 799, 853, 39, 99, 0.80476900149, 
960, 1026, 17, 111, 5929, navis-Ming-Qing_18641_0054-line-004-y1=447-y2=582.xml, 964, 1028, 20, 108, 0.855172413793, 
2381, 2439, 51, 111, 4E16, navis-Ming-Qing_18641_0054-line-005-y1=579-y2=707.xml, 2382, 2436, 54, 120, 0.776096822995, 
1231, 1292, 17, 95, 5929, navis-Ming-Qing_18641_0054-line-009-y1=1002-y2=1114.xml, 1235, 1294, 6, 94, 0.789246538392, 
615, 685, 17, 89, 5341, navis-Ming-Qing_18641_0054-line-009-y1=1002-y2=1114.xml, 620, 681, 16, 86, 0.825132326995, 
2236, 2297, 47, 109, 51fa, navis-Ming-Qing_18641_0055-line-003-y1=556-y2=682.xml, 2240, 2294, 50, 110, 0.83055265902, 
638, 697, 21, 115, 5982, navis-Ming-Qing_18641_0055-line-006-y1=952-y2=1091.xml, 643, 693, 24, 111, 0.784349080418, 
978, 1029, 24, 109, 53c8, navis-Ming-Qing_18641_0056-line-002-y1=180-y2=308.xml, 983, 1027, 27, 106, 0.80184544406, 
628, 721, 36, 102, 4e2d, navis-Ming-Qing_18641_0056-line-002-y1=180-y2=308.xml, 632, 717, 39, 99, 0.830889540567, 
2632, 2713, 37, 111, 7121, navis-Ming-Qing_18641_0056-line-002-y1=180-y2=308.xml, 2637, 2710, 40, 125, 0.738740022805, 
622, 684, 34, 112, 4e0d, navis-Ming-Qing_18641_0056-line-009-y1=1099-y2=1239.xml, 627, 681, 37, 109, 0.803970223325, 
793, 866, 41, 120, 8a69, navis-Ming-Qing_18641_0056-line-009-y1=1099-y2=1239.xml, 797, 862, 44, 117, 0.822784810127, 
1066, 1149, 25, 114, 8a69, navis-Ming-Qing_18641_0057-line-003-y1=297-y2=437.xml, 1070, 1148, 28, 111, 0.876404494382, 
1674, 1760, 36, 123, 6642, navis-Ming-Qing_18641_0057-line-003-y1=297-y2=437.xml, 1678, 1757, 39, 120, 0.855252606255, 
2410, 2480, 45, 113, 541B, navis-Ming-Qing_18641_0057-line-007-y1=827-y2=957.xml, 2414, 2477, 48, 125, 0.742385786802, 
711, 760, 35, 108, 4E0A, navis-Ming-Qing_18641_0057-line-008-y1=954-y2=1089.xml, 715, 757, 38, 105, 0.786692759295, 
615, 684, 40, 108, 4E16, navis-Ming-Qing_18641_0057-line-008-y1=954-y2=1089.xml, 620, 681, 43, 105, 0.806052855925, 
1777, 1852, 55, 111, 6708, navis-Ming-Qing_18641_0057-line-010-y1=1221-y2=1380.xml, 1781, 1849, 58, 108, 0.809523809524, 
1151, 1232, 32, 135, 7121, navis-Ming-Qing_18641_0057-line-010-y1=1221-y2=1380.xml, 1155, 1229, 35, 132, 0.860361980103, 
1504, 1573, 40, 124, 5341, navis-Ming-Qing_18641_0058-line-002-y1=183-y2=324.xml, 1509, 1570, 43, 124, 0.85248447205, 
2190, 2269, 40, 124, 751f, navis-Ming-Qing_18641_0058-line-003-y1=321-y2=462.xml, 2194, 2267, 43, 127, 0.862582056893, 
628, 712, 43, 99, 6708, navis-Ming-Qing_18641_0058-line-003-y1=321-y2=462.xml, 633, 709, 46, 96, 0.807823129252, 
2463, 2535, 48, 108, 7532, navis-Ming-Qing_18641_0058-line-003-y1=321-y2=462.xml, 2467, 2532, 51, 105, 0.8125, 
1142, 1207, 17, 118, 5929, navis-Ming-Qing_18641_0058-line-003-y1=321-y2=462.xml, 1146, 1206, 17, 115, 0.895658796649, 
2279, 2361, 40, 124, 7121, navis-Ming-Qing_18641_0058-line-003-y1=321-y2=462.xml, 2284, 2364, 43, 138, 0.755908374742, 
626, 682, 26, 107, -Min, navis-Ming-Qing_18641_0058-line-007-y1=844-y2=978.xml, 630, 682, 29, 104, 0.859788359788, 
1017, 1080, 44, 115, 77f3, navis-Ming-Qing_18641_0059-line-003-y1=268-y2=417.xml, 1021, 1077, 47, 112, 0.813771517997, 
1617, 1692, 39, 105, 751f, navis-Ming-Qing_18641_0059-line-005-y1=543-y2=665.xml, 1621, 1689, 42, 107, 0.84231222965, 
667, 723, 17, 96, 4E16, navis-Ming-Qing_18641_0059-line-005-y1=543-y2=665.xml, 671, 720, 14, 93, 0.814701378254, 
2068, 2132, 38, 105, 5973, navis-Ming-Qing_18641_0059-line-005-y1=543-y2=665.xml, 2073, 2129, 41, 119, 0.706624605678, 
1085, 1152, 17, 107, 5929, navis-Ming-Qing_18641_0059-line-009-y1=1056-y2=1188.xml, 1089, 1156, 16, 106, 0.86889818689, 
1043, 1110, 88, 147, 51fa, navis-Ming-Qing_18641_0060-line-001-y1=13-y2=265.xml, 1048, 1107, 91, 144, 0.791044776119, 
1835, 1889, 88, 166, 4e0d, navis-Ming-Qing_18641_0060-line-001-y1=13-y2=265.xml, 1839, 1888, 91, 163, 0.837606837607, 
2269, 2324, 81, 165, 5929, navis-Ming-Qing_18641_0060-line-001-y1=13-y2=265.xml, 2274, 2322, 84, 170, 0.8, 
689, 766, 95, 166, 53e5, navis-Ming-Qing_18641_0060-line-002-y1=262-y2=460.xml, 694, 766, 98, 163, 0.856045363088, 
1125, 1192, 86, 181, 5929, navis-Ming-Qing_18641_0060-line-002-y1=262-y2=460.xml, 1130, 1194, 89, 190, 0.800561403509, 
2184, 2233, 18, 108, 4eba, navis-Ming-Qing_18641_0060-line-003-y1=457-y2=584.xml, 2188, 2231, 21, 105, 0.819047619048, 
2448, 2529, 33, 110, 5176, navis-Ming-Qing_18641_0060-line-003-y1=457-y2=584.xml, 2452, 2528, 35, 124, 0.780714970552, 
2100, 2184, 36, 110, 6642, navis-Ming-Qing_18641_0060-line-003-y1=457-y2=584.xml, 2105, 2180, 39, 119, 0.772747061384, 
788, 835, 32, 79, 738B, navis-Ming-Qing_18641_0060-line-004-y1=581-y2=708.xml, 790, 844, 35, 107, 0.480932717999, 
2341, 2413, 25, 107, 5929, navis-Ming-Qing_18641_0061-line-008-y1=1095-y2=1219.xml, 2345, 2411, 28, 121, 0.763620386643, 
952, 1034, 43, 121, 51fa, navis-Ming-Qing_18641_0062-line-002-y1=168-y2=307.xml, 957, 1031, 46, 118, 0.833020637899, 
1149, 1214, 19, 115, 5929, navis-Ming-Qing_18641_0062-line-008-y1=962-y2=1105.xml, 1153, 1214, 22, 112, 0.879807692308, 
689, 751, 26, 104, 4E0A, navis-Ming-Qing_18641_0063-line-002-y1=274-y2=405.xml, 693, 748, 29, 101, 0.818858560794, 
2023, 2074, 20, 83, 53c8, navis-Ming-Qing_18641_0063-line-006-y1=799-y2=928.xml, 2027, 2080, 21, 80, 0.777403980936, 
1756, 1817, 109, 185, 738B, navis-Ming-Qing_18641_0063-line-008-y1=1117-y2=1383.xml, 1760, 1814, 112, 181, 0.803710094909, 
1640, 1743, 99, 188, 8a69, navis-Ming-Qing_18641_0063-line-008-y1=1117-y2=1383.xml, 1645, 1740, 101, 185, 0.870513799498, 
2568, 2643, 167, 248, -Min, navis-Ming-Qing_18641_0065-line-004-y1=650-y2=915.xml, 2572, 2640, 170, 262, 0.754802903088, 
952, 1035, 82, 179, 672c, navis-Ming-Qing_18641_0066-line-002-y1=233-y2=429.xml, 956, 1032, 85, 176, 0.859023723761, 
2543, 2605, 92, 179, 5929, navis-Ming-Qing_18641_0066-line-002-y1=233-y2=429.xml, 2547, 2604, 95, 193, 0.773255813953, 
1044, 1120, 85, 179, 7121, navis-Ming-Qing_18641_0066-line-002-y1=233-y2=429.xml, 1049, 1116, 88, 193, 0.75439247711, 
1033, 1104, 102, 193, 7121, navis-Ming-Qing_18641_0066-line-004-y1=617-y2=827.xml, 1038, 1101, 105, 200, 0.803245436105, 
857, 921, 164, 242, 4e0d, navis-Ming-Qing_18641_0067-line-004-y1=695-y2=955.xml, 861, 918, 167, 239, 0.822115384615, 
594, 661, 39, 119, 4e0d, navis-Ming-Qing_18641_0067-line-005-y1=952-y2=1088.xml, 599, 660, 42, 119, 0.876305970149, 
1120, 1205, 23, 119, 8a69, navis-Ming-Qing_18641_0067-line-006-y1=1085-y2=1221.xml, 1125, 1202, 26, 119, 0.877573529412, 
1029, 1107, 36, 115, 6642, navis-Ming-Qing_18641_0067-line-007-y1=1218-y2=1357.xml, 1033, 1104, 39, 112, 0.841123012009, 
847, 919, 31, 118, 98a8, navis-Ming-Qing_18641_0068-line-003-y1=468-y2=603.xml, 852, 919, 34, 125, 0.835882964503, 
1041, 1132, 38, 114, 8a69, navis-Ming-Qing_18641_0068-line-007-y1=1130-y2=1261.xml, 1045, 1128, 41, 114, 0.876084441874, 
2543, 2612, 51, 113, 751f, navis-Ming-Qing_18641_0069-line-003-y1=258-y2=388.xml, 2547, 2611, 54, 127, 0.729802860456, 
41, 91, 45, 113, 4E09, navis-Ming-Qing_18641_0069-line-003-y1=258-y2=388.xml, 78, 94, 48, 120, 0.227947127057, 
605, 674, 91, 188, 751f, navis-Ming-Qing_18641_0069-line-005-y1=585-y2=794.xml, 610, 673, 94, 185, 0.85656656208, 
864, 947, 115, 176, 6708, navis-Ming-Qing_18641_0069-line-005-y1=585-y2=794.xml, 868, 944, 118, 173, 0.825597471855, 
1836, 1911, 118, 202, 541B, navis-Ming-Qing_18641_0069-line-008-y1=1108-y2=1372.xml, 1840, 1909, 121, 199, 0.854285714286, 
1038, 1122, 38, 115, 8a69, navis-Ming-Qing_18641_0070-line-002-y1=192-y2=324.xml, 1042, 1118, 41, 117, 0.849546827795, 
2077, 2165, 178, 238, 4e2d, navis-Ming-Qing_18641_0070-line-005-y1=712-y2=986.xml, 2081, 2162, 181, 235, 0.828409090909, 
2629, 2719, 172, 236, 7532, navis-Ming-Qing_18641_0070-line-005-y1=712-y2=986.xml, 2633, 2715, 175, 233, 0.825694444444, 
599, 663, 20, 106, -Min, navis-Ming-Qing_18641_0070-line-006-y1=983-y2=1187.xml, 603, 660, 23, 103, 0.828488372093, 
1139, 1217, 91, 175, 7121, navis-Ming-Qing_18641_0071-line-004-y1=461-y2=653.xml, 1143, 1213, 95, 189, 0.743494423792, 
2648, 2739, 116, 171, 4e2d, navis-Ming-Qing_18641_0071-line-007-y1=865-y2=1063.xml, 2651, 2736, 119, 168, 0.832167832168, 
1769, 1835, 91, 172, 4e0d, navis-Ming-Qing_18641_0071-line-007-y1=865-y2=1063.xml, 1773, 1832, 94, 169, 0.827721661055, 
542, 612, 85, 147, 5DFE, navis-Ming-Qing_18641_0071-line-007-y1=865-y2=1063.xml, 547, 609, 88, 144, 0.8, 
794, 875, 78, 173, 8a69, navis-Ming-Qing_18641_0071-line-007-y1=865-y2=1063.xml, 798, 874, 81, 170, 0.879012345679, 
2204, 2293, 89, 181, 8a69, navis-Ming-Qing_18641_0071-line-007-y1=865-y2=1063.xml, 2208, 2289, 92, 186, 0.838938671011, 
1946, 2002, 98, 167, 4E09, navis-Ming-Qing_18641_0071-line-007-y1=865-y2=1063.xml, 1985, 1999, 101, 156, 0.199275362319, 
2116, 2186, 91, 181, 98a8, navis-Ming-Qing_18641_0071-line-007-y1=865-y2=1063.xml, 2121, 2183, 94, 179, 0.836507936508, 
628, 681, 17, 122, 5973, navis-Ming-Qing_18641_0071-line-008-y1=1060-y2=1244.xml, 633, 679, 18, 119, 0.834860736748, 
1390, 1457, 39, 85, 4e91, navis-Ming-Qing_18641_0072-line-002-y1=232-y2=361.xml, 1395, 1457, 42, 102, 0.644584139265, 
2544, 2602, 40, 103, 4e0d, navis-Ming-Qing_18641_0072-line-002-y1=232-y2=361.xml, 2549, 2598, 43, 100, 0.764367816092, 
2179, 2264, 31, 112, 6642, navis-Ming-Qing_18641_0072-line-002-y1=232-y2=361.xml, 2183, 2260, 34, 109, 0.838779956427, 
2457, 2511, 37, 112, 4E0A, navis-Ming-Qing_18641_0072-line-003-y1=358-y2=487.xml, 2462, 2511, 40, 126, 0.744932432432, 
1908, 1977, 34, 112, 5927, navis-Ming-Qing_18641_0072-line-004-y1=484-y2=613.xml, 1913, 1977, 37, 121, 0.805639476334, 
696, 770, 31, 116, 8a69, navis-Ming-Qing_18641_0072-line-006-y1=740-y2=873.xml, 700, 771, 34, 114, 0.879120879121, 
689, 772, 37, 107, 9ad9, navis-Ming-Qing_18641_0072-line-007-y1=870-y2=1073.xml, 702, 768, 40, 104, 0.727022375215, 
671, 737, 50, 88, -Min, navis-Ming-Qing_18641_0073-line-002-y1=103-y2=250.xml, 676, 733, 53, 85, 0.727272727273, 
851, 907, 38, 111, 4E09, navis-Ming-Qing_18641_0073-line-003-y1=247-y2=378.xml, 888, 903, 41, 108, 0.24584148728, 
2697, 2758, 95, 175, 98a8, navis-Ming-Qing_18641_0073-line-006-y1=701-y2=903.xml, 2702, 2756, 98, 172, 0.818852459016, 
747, 814, 27, 117, 98a8, navis-Ming-Qing_18641_0073-line-007-y1=900-y2=1103.xml, 751, 813, 30, 114, 0.86368159204, 
1604, 1671, 31, 112, 5149, navis-Ming-Qing_18641_0074-line-002-y1=207-y2=342.xml, 1608, 1671, 34, 109, 0.870646766169, 
2651, 2729, 17, 92, 53CB, navis-Ming-Qing_18641_0074-line-003-y1=339-y2=469.xml, 2663, 2726, 19, 119, 0.609058402861, 
866, 932, 39, 101, 51fa, navis-Ming-Qing_18641_0075-line-009-y1=1010-y2=1140.xml, 870, 930, 42, 98, 0.821114369501, 
710, 756, 39, 90, 7530, navis-Ming-Qing_18641_0076-line-002-y1=229-y2=360.xml, 715, 753, 42, 87, 0.728900255754, 
789, 837, 38, 95, 7530, navis-Ming-Qing_18641_0076-line-006-y1=755-y2=893.xml, 793, 834, 41, 92, 0.764254385965, 
2093, 2182, 36, 117, 8a69, navis-Ming-Qing_18641_0076-line-008-y1=1023-y2=1163.xml, 2098, 2179, 39, 119, 0.857142857143, 
961, 1016, 37, 120, 4E09, navis-Ming-Qing_18641_0076-line-008-y1=1023-y2=1163.xml, 998, 1015, 40, 117, 0.286746987952, 
1926, 2002, 37, 111, 5b50, navis-Ming-Qing_18641_0076-line-009-y1=1160-y2=1291.xml, 1931, 1999, 40, 108, 0.822190611664, 
1660, 1728, 17, 114, 6c34, navis-Ming-Qing_18641_0076-line-009-y1=1160-y2=1291.xml, 1665, 1724, 15, 115, 0.844972685664, 
2074, 2129, 99, 195, 4eba, navis-Ming-Qing_18641_0077-line-004-y1=433-y2=645.xml, 2079, 2127, 102, 200, 0.808695652174, 
753, 820, 17, 107, 5929, navis-Ming-Qing_18641_0077-line-005-y1=642-y2=774.xml, 757, 819, 15, 107, 0.906727331817, 
1166, 1252, 17, 124, 672c, navis-Ming-Qing_18641_0077-line-008-y1=1039-y2=1184.xml, 1171, 1249, 12, 122, 0.853836530442, 
1829, 1910, 114, 167, 591a, navis-Ming-Qing_18641_0078-line-002-y1=313-y2=508.xml, 1833, 1914, 117, 169, 0.827067669173, 
2277, 2344, 100, 178, 4e0d, navis-Ming-Qing_18641_0078-line-002-y1=313-y2=508.xml, 2282, 2344, 103, 192, 0.763045618641, 
2099, 2152, 68, 178, 4eba, navis-Ming-Qing_18641_0078-line-002-y1=313-y2=508.xml, 2104, 2154, 71, 192, 0.761565836299, 
700, 771, 47, 123, 7121, navis-Ming-Qing_18641_0078-line-003-y1=505-y2=645.xml, 704, 771, 50, 137, 0.772181875592, 
1749, 1813, 26, 104, 800c, navis-Ming-Qing_18641_0078-line-005-y1=774-y2=909.xml, 1754, 1810, 29, 102, 0.81891025641, 
1476, 1567, 17, 108, 4f86, navis-Ming-Qing_18641_0078-line-006-y1=906-y2=1100.xml, 1481, 1564, 20, 105, 0.851950247555, 
2098, 2149, 17, 133, 4eba, navis-Ming-Qing_18641_0078-line-006-y1=906-y2=1100.xml, 2102, 2146, 20, 130, 0.818120351589, 
874, 943, 68, 168, 53CB, navis-Ming-Qing_18641_0078-line-007-y1=1097-y2=1288.xml, 879, 942, 71, 165, 0.858260869565, 
1939, 2003, 40, 112, 4e0d, navis-Ming-Qing_18641_0079-line-006-y1=562-y2=691.xml, 1943, 2000, 43, 114, 0.83290978399, 
2094, 2174, 49, 112, 5b50, navis-Ming-Qing_18641_0079-line-006-y1=562-y2=691.xml, 2098, 2171, 52, 112, 0.869047619048, 
1299, 1374, 26, 112, 7121, navis-Ming-Qing_18641_0079-line-006-y1=562-y2=691.xml, 1304, 1375, 29, 126, 0.771887870333, 
187, 262, 24, 122, 6c11, navis-Ming-Qing_18796_0001-line-006-y1=770-y2=935.xml, 191, 263, 27, 104, 0.736098020735, 
1622, 1698, 33, 144, 9577, navis-Ming-Qing_18796_0001-line-006-y1=770-y2=935.xml, 1623, 1695, 36, 141, 0.896159317212, 
367, 450, 44, 127, 540D, navis-Ming-Qing_18796_0001-line-006-y1=770-y2=935.xml, 371, 454, 47, 124, 0.845213283312, 
814, 912, 42, 137, 82b3, navis-Ming-Qing_18796_0001-line-006-y1=770-y2=935.xml, 818, 909, 45, 134, 0.86992481203, 
641, 710, 39, 147, 5973, navis-Ming-Qing_18796_0001-line-006-y1=770-y2=935.xml, 645, 707, 42, 144, 0.848631239936, 
1099, 1167, 42, 146, 5973, navis-Ming-Qing_18796_0001-line-006-y1=770-y2=935.xml, 1103, 1164, 45, 143, 0.845305429864, 
1695, 1760, 44, 141, -Min, navis-Ming-Qing_18796_0001-line-007-y1=925-y2=1093.xml, 1682, 1765, 47, 138, 0.744680851064, 
629, 704, 25, 114, 592a, navis-Ming-Qing_18796_0001-line-008-y1=1083-y2=1252.xml, 633, 701, 28, 111, 0.845543071161, 
16, 71, 24, 147, 5973, navis-Ming-Qing_18796_0001-line-008-y1=1083-y2=1252.xml, 7, 68, 27, 157, 0.738024837374, 
1503, 1587, 41, 117, 5b50, navis-Ming-Qing_18796_0001-line-009-y1=1242-y2=1404.xml, 1507, 1584, 44, 114, 0.844298245614, 
456, 536, 17, 124, 98a8, navis-Ming-Qing_18796_0001-line-009-y1=1242-y2=1404.xml, 456, 536, 18, 121, 0.96261682243, 
1595, 1668, 36, 149, 5973, navis-Ming-Qing_18796_0002-line-002-y1=88-y2=254.xml, 1599, 1666, 39, 156, 0.845377380133, 
448, 518, 38, 142, 5982, navis-Ming-Qing_18796_0002-line-003-y1=244-y2=413.xml, 452, 520, 41, 139, 0.865168539326, 
628, 700, 42, 139, 76f8, navis-Ming-Qing_18796_0002-line-003-y1=244-y2=413.xml, 631, 704, 45, 136, 0.854518236255, 
265, 343, 24, 128, 98a8, navis-Ming-Qing_18796_0002-line-003-y1=244-y2=413.xml, 269, 351, 25, 126, 0.837892376682, 
802, 887, 34, 149, 7121, navis-Ming-Qing_18796_0002-line-003-y1=244-y2=413.xml, 806, 884, 37, 146, 0.869769820972, 
539, 610, 21, 121, 98a8, navis-Ming-Qing_18796_0002-line-004-y1=403-y2=571.xml, 539, 618, 19, 129, 0.817031070196, 
71, 159, 42, 134, 8001, navis-Ming-Qing_18796_0002-line-007-y1=875-y2=1042.xml, 75, 167, 45, 131, 0.822404371585, 
534, 622, 50, 136, 5b50, navis-Ming-Qing_18796_0002-line-007-y1=875-y2=1042.xml, 538, 619, 53, 133, 0.856236786469, 
1160, 1228, 37, 131, 800c, navis-Ming-Qing_18796_0002-line-007-y1=875-y2=1042.xml, 1164, 1231, 40, 128, 0.846153846154, 
708, 795, 24, 121, 592B, navis-Ming-Qing_18796_0002-line-008-y1=1032-y2=1200.xml, 712, 794, 28, 118, 0.874511198009, 
544, 614, 45, 127, 4e0d, navis-Ming-Qing_18796_0002-line-008-y1=1032-y2=1200.xml, 548, 611, 48, 124, 0.834146341463, 
1517, 1586, 54, 132, 4e0d, navis-Ming-Qing_18796_0002-line-008-y1=1032-y2=1200.xml, 1521, 1583, 57, 129, 0.829431438127, 
1068, 1155, 43, 137, 6709, navis-Ming-Qing_18796_0002-line-009-y1=1190-y2=1359.xml, 1072, 1152, 46, 134, 0.860846172658, 
988, 1068, 39, 138, 5b50, navis-Ming-Qing_18796_0002-line-009-y1=1190-y2=1359.xml, 992, 1065, 42, 135, 0.857196969697, 
2026, 2102, 17, 121, 59d1, navis-Ming-Qing_18796_0003-line-001-y1=3-y2=142.xml, 2030, 2102, 9, 118, 0.857547169811, 
272, 348, 17, 103, 4e0d, navis-Ming-Qing_18796_0003-line-001-y1=3-y2=142.xml, 276, 345, 19, 100, 0.855110159119, 
269, 336, 52, 125, 77f3, navis-Ming-Qing_18796_0003-line-003-y1=288-y2=456.xml, 273, 355, 55, 129, 0.673385249656, 
458, 528, 41, 125, 800c, navis-Ming-Qing_18796_0003-line-003-y1=288-y2=456.xml, 462, 526, 44, 122, 0.848979591837, 
1167, 1231, 45, 135, 800c, navis-Ming-Qing_18796_0003-line-003-y1=288-y2=456.xml, 1171, 1234, 48, 132, 0.838323353293, 
1495, 1574, 49, 120, 751f, navis-Ming-Qing_18796_0003-line-004-y1=446-y2=614.xml, 1499, 1571, 52, 117, 0.834373328579, 
1056, 1143, 42, 130, 9999, navis-Ming-Qing_18796_0003-line-004-y1=446-y2=614.xml, 1060, 1140, 45, 121, 0.794148380355, 
272, 339, 49, 126, 77f3, navis-Ming-Qing_18796_0003-line-004-y1=446-y2=614.xml, 276, 349, 52, 123, 0.762140057932, 
269, 348, 36, 99, 8005, navis-Ming-Qing_18796_0003-line-005-y1=604-y2=772.xml, 273, 346, 39, 129, 0.611134365843, 
364, 439, 47, 118, 4e0d, navis-Ming-Qing_18796_0003-line-007-y1=917-y2=1084.xml, 368, 436, 50, 115, 0.830046948357, 
277, 349, 29, 122, 800c, navis-Ming-Qing_18796_0003-line-007-y1=917-y2=1084.xml, 281, 346, 32, 119, 0.844534050179, 
2041, 2102, 41, 128, 800c, navis-Ming-Qing_18796_0003-line-007-y1=917-y2=1084.xml, 2045, 2107, 44, 125, 0.808298319328, 
458, 541, 36, 123, 5BF8, navis-Ming-Qing_18796_0003-line-008-y1=1074-y2=1242.xml, 462, 538, 54, 120, 0.694640631491, 
1422, 1512, 51, 130, 82b3, navis-Ming-Qing_18796_0003-line-008-y1=1074-y2=1242.xml, 1426, 1509, 54, 127, 0.852180028129, 
913, 972, 36, 124, 800c, navis-Ming-Qing_18796_0003-line-008-y1=1074-y2=1242.xml, 917, 986, 39, 121, 0.711356466877, 
97, 196, 17, 145, 547D, navis-Ming-Qing_18796_0003-line-009-y1=1232-y2=1396.xml, 101, 193, 17, 142, 0.907512626263, 
542, 612, 59, 112, 65e5, navis-Ming-Qing_18796_0003-line-009-y1=1232-y2=1396.xml, 546, 609, 62, 109, 0.798113207547, 
1162, 1258, 50, 140, 9752, navis-Ming-Qing_18796_0004-line-003-y1=202-y2=370.xml, 1166, 1255, 53, 137, 0.865277777778, 
1788, 1849, 42, 150, 5982, navis-Ming-Qing_18796_0004-line-003-y1=202-y2=370.xml, 1792, 1847, 45, 147, 0.851548269581, 
1261, 1333, 36, 128, 5929, navis-Ming-Qing_18796_0004-line-003-y1=202-y2=370.xml, 1265, 1334, 39, 125, 0.871535022355, 
1952, 2012, 61, 107, 65e5, navis-Ming-Qing_18796_0004-line-003-y1=202-y2=370.xml, 1956, 2009, 64, 104, 0.768115942029, 
825, 884, 53, 113, -Min, navis-Ming-Qing_18796_0004-line-004-y1=360-y2=528.xml, 829, 881, 56, 110, 0.793220338983, 
1517, 1588, 34, 124, 800c, navis-Ming-Qing_18796_0004-line-007-y1=833-y2=999.xml, 1521, 1585, 37, 121, 0.841314553991, 
1941, 2027, 27, 123, 592B, navis-Ming-Qing_18796_0004-line-008-y1=989-y2=1158.xml, 1945, 2024, 30, 120, 0.861191860465, 
1772, 1865, 31, 133, 8005, navis-Ming-Qing_18796_0004-line-008-y1=989-y2=1158.xml, 1776, 1863, 34, 130, 0.88045540797, 
731, 814, 30, 129, 592a, navis-Ming-Qing_18796_0004-line-010-y1=1306-y2=1474.xml, 726, 778, 5, 126, 0.45133540062, 
186, 261, 29, 135, 98a8, navis-Ming-Qing_18796_0004-line-010-y1=1306-y2=1474.xml, 190, 267, 32, 134, 0.845830413455, 
1611, 1682, 18, 119, 53E4, navis-Ming-Qing_18796_0005-line-001-y1=3-y2=145.xml, 1615, 1679, 21, 116, 0.847859433831, 
1690, 1775, 45, 100, 4e2d, navis-Ming-Qing_18796_0005-line-004-y1=452-y2=622.xml, 1694, 1772, 48, 136, 0.542028598156, 
1603, 1686, 42, 136, 5b50, navis-Ming-Qing_18796_0005-line-004-y1=452-y2=622.xml, 1607, 1683, 45, 133, 0.857216098436, 
555, 638, 47, 145, 5e74, navis-Ming-Qing_18796_0005-line-004-y1=452-y2=622.xml, 559, 635, 50, 142, 0.859601671994, 
748, 808, 46, 126, 7530, navis-Ming-Qing_18796_0007-line-004-y1=442-y2=613.xml, 752, 805, 49, 123, 0.817083333333, 
1851, 1948, 25, 132, 82b1, navis-Ming-Qing_18796_0007-line-006-y1=760-y2=927.xml, 1881, 1948, 28, 129, 0.651989594373, 
906, 971, 33, 102, 58EB, navis-Ming-Qing_18796_0007-line-006-y1=760-y2=927.xml, 910, 968, 36, 136, 0.592844974446, 
1784, 1844, 46, 98, 58EB, navis-Ming-Qing_18796_0007-line-006-y1=760-y2=927.xml, 1788, 1841, 49, 125, 0.570643814546, 
455, 541, 22, 105, 514d, navis-Ming-Qing_18796_0007-line-008-y1=1075-y2=1244.xml, 459, 538, 25, 140, 0.638190447339, 
1776, 1847, 31, 127, -Min, navis-Ming-Qing_18796_0008-line-002-y1=72-y2=239.xml, 1762, 1841, 34, 139, 0.666776968895, 
165, 271, 52, 148, -Min, navis-Ming-Qing_18796_0008-line-003-y1=229-y2=399.xml, 169, 268, 55, 145, 0.875589622642, 
449, 536, 30, 151, 6B4C, navis-Ming-Qing_18796_0008-line-004-y1=389-y2=557.xml, 438, 534, 33, 154, 0.828035994386, 
1066, 1141, 100, 151, 4f5c, navis-Ming-Qing_18796_0008-line-004-y1=389-y2=557.xml, 1063, 1138, 10, 162, 0.317839522202, 
630, 689, 47, 127, 7530, navis-Ming-Qing_18796_0008-line-006-y1=705-y2=874.xml, 634, 686, 50, 145, 0.707920792079, 
1596, 1667, 47, 124, 4e0d, navis-Ming-Qing_18796_0008-line-006-y1=705-y2=874.xml, 1600, 1665, 50, 121, 0.844155844156, 
802, 871, 35, 134, 800c, navis-Ming-Qing_18796_0008-line-006-y1=705-y2=874.xml, 806, 876, 38, 131, 0.828536184211, 
357, 427, 45, 142, 76f8, navis-Ming-Qing_18796_0008-line-007-y1=864-y2=1033.xml, 356, 419, 48, 139, 0.81993896236, 
1854, 1918, 19, 125, 4eba, navis-Ming-Qing_18796_0008-line-007-y1=864-y2=1033.xml, 1858, 1933, 22, 129, 0.716189593232, 
562, 640, 33, 139, 53E4, navis-Ming-Qing_18796_0009-line-002-y1=124-y2=292.xml, 566, 637, 36, 136, 0.858732462506, 
905, 979, 46, 139, 58EB, navis-Ming-Qing_18796_0009-line-003-y1=282-y2=452.xml, 909, 977, 49, 136, 0.859633827376, 
291, 364, 30, 140, 738B, navis-Ming-Qing_18796_0009-line-006-y1=759-y2=925.xml, 295, 364, 33, 137, 0.893648816936, 
288, 343, 21, 123, 4eba, navis-Ming-Qing_18796_0009-line-009-y1=1234-y2=1398.xml, 290, 361, 24, 136, 0.631028262177, 
1322, 1385, 40, 152, 5982, navis-Ming-Qing_18796_0010-line-003-y1=229-y2=398.xml, 1321, 1387, 43, 160, 0.86803185438, 
434, 501, 37, 150, 5982, navis-Ming-Qing_18796_0010-line-005-y1=548-y2=715.xml, 435, 501, 40, 154, 0.926611359285, 
1673, 1750, 48, 133, 4e0d, navis-Ming-Qing_18796_0010-line-005-y1=548-y2=715.xml, 1677, 1747, 51, 130, 0.844919786096, 
1840, 1919, 46, 124, 767d, navis-Ming-Qing_18796_0010-line-005-y1=548-y2=715.xml, 1844, 1916, 49, 121, 0.841285296981, 
352, 422, 26, 150, 5973, navis-Ming-Qing_18796_0010-line-005-y1=548-y2=715.xml, 356, 419, 29, 148, 0.863709677419, 
261, 359, 19, 128, 5bd2, navis-Ming-Qing_18796_0010-line-006-y1=705-y2=874.xml, 265, 361, 22, 125, 0.889235855988, 
1060, 1125, 62, 112, 65e5, navis-Ming-Qing_18796_0010-line-007-y1=864-y2=1033.xml, 1064, 1122, 65, 109, 0.785230769231, 
265, 351, 36, 127, -Min, navis-Ming-Qing_18796_0010-line-008-y1=1023-y2=1191.xml, 269, 348, 39, 124, 0.858037311526, 
1500, 1598, 21, 100, -Min, navis-Ming-Qing_18796_0011-line-001-y1=3-y2=145.xml, 1504, 1595, 24, 97, 0.858047016275, 
111, 182, 19, 101, -Min, navis-Ming-Qing_18796_0011-line-001-y1=3-y2=145.xml, 115, 179, 22, 98, 0.835451734799, 
361, 436, 56, 123, 65e5, navis-Ming-Qing_18796_0011-line-003-y1=293-y2=462.xml, 365, 433, 59, 120, 0.825472636816, 
91, 166, 38, 121, 5411, navis-Ming-Qing_18796_0011-line-006-y1=770-y2=937.xml, 95, 163, 41, 118, 0.841124497992, 
1590, 1672, 17, 130, 98a8, navis-Ming-Qing_18796_0011-line-006-y1=770-y2=937.xml, 1594, 1680, 16, 131, 0.852252949139, 
1671, 1754, 47, 133, 4e0d, navis-Ming-Qing_18796_0011-line-008-y1=1084-y2=1254.xml, 1675, 1751, 50, 130, 0.851779209863, 
90, 161, 55, 117, -Min, navis-Ming-Qing_18796_0011-line-009-y1=1244-y2=1409.xml, 94, 158, 58, 114, 0.81417537483, 
189, 275, 29, 151, 7121, navis-Ming-Qing_18796_0012-line-002-y1=39-y2=207.xml, 193, 277, 32, 159, 0.855814769339, 
833, 910, 21, 152, 7121, navis-Ming-Qing_18796_0012-line-004-y1=356-y2=525.xml, 837, 907, 24, 152, 0.88827203331, 
197, 290, 57, 138, -Min, navis-Ming-Qing_18796_0012-line-007-y1=833-y2=1001.xml, 201, 288, 60, 135, 0.866188769415, 
1079, 1163, 58, 123, 751f, navis-Ming-Qing_18796_0012-line-010-y1=1309-y2=1479.xml, 1083, 1160, 61, 120, 0.832051282051, 
368, 462, 19, 135, 547D, navis-Ming-Qing_18796_0012-line-010-y1=1309-y2=1479.xml, 372, 459, 22, 132, 0.877659574468, 
462, 534, 47, 136, 4e0d, navis-Ming-Qing_18796_0012-line-010-y1=1309-y2=1479.xml, 466, 538, 50, 133, 0.837388724036, 
1855, 1926, 38, 135, 4e0d, navis-Ming-Qing_18796_0013-line-002-y1=115-y2=286.xml, 1858, 1923, 41, 132, 0.85886452737, 
632, 704, 29, 140, 5929, navis-Ming-Qing_18796_0013-line-004-y1=431-y2=603.xml, 629, 705, 32, 137, 0.898716119829, 
1507, 1584, 63, 119, 65e5, navis-Ming-Qing_18796_0013-line-004-y1=431-y2=603.xml, 1511, 1581, 66, 116, 0.811688311688, 
174, 249, 49, 138, 4e0d, navis-Ming-Qing_18796_0013-line-005-y1=593-y2=759.xml, 178, 246, 52, 135, 0.845543071161, 
833, 892, 56, 118, 5200, navis-Ming-Qing_18796_0013-line-006-y1=749-y2=918.xml, 837, 892, 59, 115, 0.841990158557, 
278, 373, 29, 140, 98db, navis-Ming-Qing_18796_0013-line-007-y1=908-y2=1076.xml, 282, 373, 32, 137, 0.906116642959, 
1707, 1774, 42, 136, 4e0b, navis-Ming-Qing_18796_0013-line-008-y1=1066-y2=1236.xml, 1711, 1771, 45, 133, 0.838361384567, 
215, 273, 37, 153, 5982, navis-Ming-Qing_18796_0013-line-008-y1=1066-y2=1236.xml, 218, 280, 40, 152, 0.820021299255, 
478, 536, 42, 151, 5982, navis-Ming-Qing_18796_0013-line-008-y1=1066-y2=1236.xml, 474, 538, 45, 148, 0.860806916427, 
1875, 1952, 38, 131, 76f8, navis-Ming-Qing_18796_0013-line-008-y1=1066-y2=1236.xml, 1879, 1954, 41, 128, 0.865848670757, 
749, 808, 55, 111, 65e5, navis-Ming-Qing_18796_0014-line-006-y1=672-y2=841.xml, 753, 805, 58, 108, 0.786924939467, 
1868, 1943, 40, 137, 4E16, navis-Ming-Qing_18796_0014-line-008-y1=991-y2=1159.xml, 1872, 1940, 43, 134, 0.85058419244, 
84, 157, 52, 136, 58EB, navis-Ming-Qing_18796_0014-line-008-y1=991-y2=1159.xml, 88, 154, 55, 133, 0.839530332681, 
368, 426, 66, 112, 65e5, navis-Ming-Qing_18796_0014-line-010-y1=1309-y2=1479.xml, 372, 423, 69, 109, 0.764617691154, 
439, 522, 59, 127, -Min, navis-Ming-Qing_18796_0015-line-002-y1=131-y2=298.xml, 436, 520, 62, 124, 0.86140651801, 
800, 892, 35, 113, -Min, navis-Ming-Qing_18796_0015-line-004-y1=448-y2=623.xml, 819, 897, 38, 137, 0.581025151226, 
270, 357, 32, 138, 98db, navis-Ming-Qing_18796_0015-line-005-y1=613-y2=779.xml, 274, 354, 35, 135, 0.86749078291, 
903, 975, 34, 149, 5973, navis-Ming-Qing_18796_0015-line-005-y1=613-y2=779.xml, 907, 972, 37, 147, 0.863526570048, 
94, 163, 59, 139, -Min, navis-Ming-Qing_18796_0015-line-006-y1=769-y2=936.xml, 116, 160, 62, 136, 0.589855072464, 
1087, 1160, 45, 137, 76f8, navis-Ming-Qing_18796_0015-line-007-y1=926-y2=1092.xml, 1090, 1162, 48, 134, 0.873983739837, 
83, 173, 53, 127, 570b, navis-Ming-Qing_18796_0015-line-009-y1=1248-y2=1409.xml, 87, 173, 56, 124, 0.878078078078, 
466, 534, 58, 130, 4e0d, navis-Ming-Qing_18796_0015-line-009-y1=1248-y2=1409.xml, 470, 531, 61, 127, 0.822303921569, 
1861, 1938, 41, 137, 76f8, navis-Ming-Qing_18796_0016-line-002-y1=49-y2=215.xml, 1865, 1939, 44, 134, 0.878107457899, 
1260, 1330, 52, 128, 4e0d, navis-Ming-Qing_18796_0016-line-002-y1=49-y2=215.xml, 1264, 1327, 55, 125, 0.828947368421, 
1090, 1147, 64, 122, 65e5, navis-Ming-Qing_18796_0016-line-003-y1=205-y2=376.xml, 1094, 1144, 67, 119, 0.786448880823, 
1607, 1684, 17, 122, 98a8, navis-Ming-Qing_18796_0016-line-005-y1=524-y2=692.xml, 1615, 1681, 20, 128, 0.793774319066, 
369, 438, 58, 143, 4e0b, navis-Ming-Qing_18796_0016-line-007-y1=842-y2=1009.xml, 358, 453, 12, 140, 0.457507883885, 
2045, 2102, 35, 111, -Min, navis-Ming-Qing_18796_0017-line-002-y1=120-y2=287.xml, 2049, 2111, 34, 111, 0.793225679401, 
1077, 1145, 53, 126, 4e0d, navis-Ming-Qing_18796_0017-line-005-y1=599-y2=764.xml, 1081, 1142, 54, 123, 0.847904915391, 
344, 444, 44, 135, -Min, navis-Ming-Qing_18796_0018-line-006-y1=667-y2=837.xml, 344, 450, 47, 132, 0.884495317378, 
294, 370, 32, 136, 5929, navis-Ming-Qing_18796_0018-line-007-y1=827-y2=995.xml, 297, 371, 6, 133, 0.742572263068, 
117, 182, 49, 125, 4e0d, navis-Ming-Qing_18796_0018-line-009-y1=1148-y2=1320.xml, 121, 182, 52, 122, 0.864372469636, 
630, 699, 25, 93, 767d, navis-Ming-Qing_18796_0019-line-001-y1=3-y2=144.xml, 634, 696, 28, 90, 0.81926683717, 
1600, 1690, 17, 123, 7121, navis-Ming-Qing_18796_0019-line-001-y1=3-y2=144.xml, 1603, 1687, 7, 120, 0.833526011561, 
270, 366, 30, 130, 82b1, navis-Ming-Qing_18796_0019-line-002-y1=134-y2=302.xml, 297, 363, 33, 127, 0.64625, 
172, 261, 53, 118, 5BF8, navis-Ming-Qing_18796_0019-line-002-y1=134-y2=302.xml, 176, 258, 56, 115, 0.836300777874, 
1858, 1942, 42, 128, -Min, navis-Ming-Qing_18796_0019-line-003-y1=292-y2=461.xml, 1874, 1939, 45, 125, 0.719822812846, 
1245, 1326, 40, 124, -Min, navis-Ming-Qing_18796_0019-line-006-y1=768-y2=935.xml, 1260, 1323, 43, 121, 0.722222222222, 
94, 170, 54, 136, 4e0d, navis-Ming-Qing_18796_0019-line-007-y1=925-y2=1094.xml, 98, 167, 57, 133, 0.841463414634, 
1791, 1853, 41, 136, 4e0b, navis-Ming-Qing_18796_0021-line-003-y1=280-y2=450.xml, 1794, 1850, 44, 133, 0.846179966044, 
264, 350, 55, 133, 4e2d, navis-Ming-Qing_18796_0021-line-005-y1=605-y2=768.xml, 268, 347, 58, 130, 0.847942754919, 
356, 427, 62, 143, -Min, navis-Ming-Qing_18796_0021-line-006-y1=758-y2=927.xml, 360, 426, 65, 140, 0.860719874804, 
270, 367, 44, 139, 6709, navis-Ming-Qing_18796_0021-line-008-y1=1076-y2=1248.xml, 274, 364, 47, 136, 0.869234943028, 
1255, 1350, 37, 140, 8a69, navis-Ming-Qing_18796_0021-line-008-y1=1076-y2=1248.xml, 1259, 1347, 40, 137, 0.872355646398, 
82, 168, 44, 131, 5b50, navis-Ming-Qing_18796_0021-line-009-y1=1238-y2=1401.xml, 86, 165, 47, 128, 0.855252606255, 
1261, 1337, 17, 128, 6c34, navis-Ming-Qing_18796_0021-line-009-y1=1238-y2=1401.xml, 1265, 1334, 19, 125, 0.866998577525, 
1429, 1504, 52, 135, 4e0d, navis-Ming-Qing_18796_0022-line-003-y1=195-y2=365.xml, 1433, 1501, 55, 132, 0.841124497992, 
552, 604, 25, 89, 53c8, navis-Ming-Qing_18796_0022-line-005-y1=515-y2=682.xml, 552, 612, 28, 137, 0.473715651135, 
2019, 2088, 22, 94, 4e91, navis-Ming-Qing_18796_0023-line-001-y1=3-y2=143.xml, 2041, 2085, 25, 91, 0.584541062802, 
1924, 2011, 17, 108, 6709, navis-Ming-Qing_18796_0023-line-001-y1=3-y2=143.xml, 1928, 2008, 19, 105, 0.86901604143, 
1590, 1651, 17, 123, 5982, navis-Ming-Qing_18796_0023-line-001-y1=3-y2=143.xml, 1590, 1652, 14, 123, 0.956791950281, 
1681, 1742, 52, 132, 4e91, navis-Ming-Qing_18796_0023-line-002-y1=133-y2=302.xml, 1698, 1739, 55, 129, 0.621721311475, 
1750, 1841, 33, 147, 7121, navis-Ming-Qing_18796_0023-line-002-y1=133-y2=302.xml, 1754, 1838, 36, 144, 0.874493927126, 
1321, 1391, 53, 122, 4e91, navis-Ming-Qing_18796_0023-line-003-y1=292-y2=460.xml, 1343, 1388, 56, 119, 0.586956521739, 
426, 516, 43, 137, 6709, navis-Ming-Qing_18796_0023-line-003-y1=292-y2=460.xml, 426, 509, 46, 168, 0.684582615789, 
1401, 1483, 49, 131, 65E9, navis-Ming-Qing_18796_0023-line-003-y1=292-y2=460.xml, 1405, 1480, 52, 128, 0.847709696609, 
798, 868, 58, 127, 4e91, navis-Ming-Qing_18796_0023-line-004-y1=450-y2=621.xml, 809, 856, 7, 124, 0.429223744292, 
61, 135, 28, 130, 53c8, navis-Ming-Qing_18796_0023-line-005-y1=611-y2=779.xml, 65, 136, 31, 126, 0.870077194819, 
152, 225, 56, 120, 4e91, navis-Ming-Qing_18796_0023-line-005-y1=611-y2=779.xml, 174, 222, 59, 117, 0.595890410959, 
1858, 1911, 55, 123, 4e91, navis-Ming-Qing_18796_0023-line-005-y1=611-y2=779.xml, 1862, 1908, 58, 120, 0.791342952275, 
785, 870, 51, 125, 53bb, navis-Ming-Qing_18796_0023-line-005-y1=611-y2=779.xml, 789, 867, 54, 122, 0.843243243243, 
343, 424, 49, 131, 5b50, navis-Ming-Qing_18796_0023-line-005-y1=611-y2=779.xml, 347, 421, 52, 128, 0.846732911774, 
1668, 1736, 38, 147, 5973, navis-Ming-Qing_18796_0023-line-005-y1=611-y2=779.xml, 1672, 1733, 41, 144, 0.847679438748, 
1230, 1298, 48, 130, 4e91, navis-Ming-Qing_18796_0023-line-007-y1=926-y2=1094.xml, 1250, 1295, 51, 127, 0.613342898135, 
373, 437, 67, 125, 4e91, navis-Ming-Qing_18796_0024-line-003-y1=199-y2=368.xml, 391, 436, 70, 122, 0.630387931034, 
639, 695, 45, 106, 7530, navis-Ming-Qing_18796_0024-line-003-y1=199-y2=368.xml, 624, 698, 48, 138, 0.475688342121, 
268, 369, 32, 136, 547D, navis-Ming-Qing_18796_0024-line-003-y1=199-y2=368.xml, 272, 366, 35, 133, 0.876999238385, 
1858, 1941, 50, 117, 53e5, navis-Ming-Qing_18796_0024-line-003-y1=199-y2=368.xml, 1862, 1939, 53, 114, 0.844632260385, 
450, 517, 45, 133, 800c, navis-Ming-Qing_18796_0024-line-003-y1=199-y2=368.xml, 454, 517, 48, 130, 0.87618724559, 
1340, 1431, 46, 140, 5e74, navis-Ming-Qing_18796_0024-line-003-y1=199-y2=368.xml, 1343, 1428, 49, 137, 0.874444704232, 
258, 337, 31, 122, 5927, navis-Ming-Qing_18796_0025-line-003-y1=282-y2=450.xml, 262, 334, 34, 119, 0.851300598136, 
106, 176, 48, 126, 4e0d, navis-Ming-Qing_18796_0025-line-003-y1=282-y2=450.xml, 110, 173, 51, 123, 0.830769230769, 
1072, 1133, 49, 124, 65e5, navis-Ming-Qing_18796_0025-line-003-y1=282-y2=450.xml, 1076, 1130, 52, 121, 0.814426229508, 
1931, 2011, 48, 121, -Min, navis-Ming-Qing_18796_0025-line-004-y1=440-y2=611.xml, 1935, 2016, 51, 118, 0.824615384615, 
1689, 1744, 41, 107, 7530, navis-Ming-Qing_18796_0025-line-007-y1=915-y2=1082.xml, 1691, 1750, 44, 137, 0.577881619938, 
794, 887, 26, 129, 53CB, navis-Ming-Qing_18796_0025-line-007-y1=915-y2=1082.xml, 798, 885, 29, 126, 0.880989664892, 
263, 334, 51, 134, 4e0d, navis-Ming-Qing_18796_0025-line-007-y1=915-y2=1082.xml, 267, 339, 54, 134, 0.851740028603, 
94, 154, 48, 120, 7530, navis-Ming-Qing_18796_0025-line-008-y1=1072-y2=1242.xml, 98, 151, 51, 117, 0.809722222222, 
973, 1053, 39, 128, 592B, navis-Ming-Qing_18796_0025-line-008-y1=1072-y2=1242.xml, 977, 1055, 42, 125, 0.865769969805, 
357, 431, 46, 121, 4e0d, navis-Ming-Qing_18796_0025-line-009-y1=1232-y2=1396.xml, 361, 434, 49, 118, 0.838978634706, 
1070, 1141, 39, 129, 800c, navis-Ming-Qing_18796_0026-line-003-y1=196-y2=365.xml, 1074, 1138, 42, 126, 0.841314553991, 
1852, 1923, 46, 134, 58EB, navis-Ming-Qing_18796_0026-line-004-y1=355-y2=524.xml, 1856, 1920, 49, 131, 0.839948783611, 
710, 793, 46, 143, 5b50, navis-Ming-Qing_18796_0026-line-004-y1=355-y2=524.xml, 714, 790, 49, 140, 0.859023723761, 
1242, 1300, 61, 113, 65e5, navis-Ming-Qing_18796_0026-line-004-y1=355-y2=524.xml, 1246, 1297, 64, 110, 0.777851458886, 
992, 1048, 40, 151, 5982, navis-Ming-Qing_18796_0026-line-005-y1=514-y2=682.xml, 993, 1048, 43, 148, 0.929054054054, 
1949, 2012, 36, 144, 5982, navis-Ming-Qing_18796_0026-line-005-y1=514-y2=682.xml, 1953, 2009, 39, 141, 0.83950617284, 
2018, 2102, 47, 139, 6709, navis-Ming-Qing_18796_0026-line-006-y1=672-y2=841.xml, 2022, 2111, 50, 136, 0.80922135968, 
90, 165, 37, 128, 592B, navis-Ming-Qing_18796_0026-line-006-y1=672-y2=841.xml, 94, 163, 40, 125, 0.859340659341, 
437, 517, 56, 130, 4e0d, navis-Ming-Qing_18796_0026-line-006-y1=672-y2=841.xml, 441, 514, 59, 127, 0.838513513514, 
1938, 2003, 50, 126, -Min, navis-Ming-Qing_18796_0026-line-007-y1=831-y2=999.xml, 1960, 2000, 53, 123, 0.566801619433, 
1310, 1409, 27, 140, -Min, navis-Ming-Qing_18796_0026-line-007-y1=831-y2=999.xml, 1300, 1404, 30, 137, 0.820592314596, 
1758, 1846, 27, 130, -Min, navis-Ming-Qing_18796_0026-line-007-y1=831-y2=999.xml, 1762, 1843, 30, 127, 0.866835834069, 
1678, 1757, 29, 137, -Min, navis-Ming-Qing_18796_0026-line-007-y1=831-y2=999.xml, 1696, 1754, 32, 134, 0.693389592124, 
435, 527, 26, 147, -Min, navis-Ming-Qing_18796_0026-line-007-y1=831-y2=999.xml, 439, 524, 29, 144, 0.878099173554, 
1155, 1234, 17, 142, -Min, navis-Ming-Qing_18796_0026-line-007-y1=831-y2=999.xml, 1159, 1233, 18, 139, 0.906734177215, 
532, 619, 50, 135, -Min, navis-Ming-Qing_18796_0026-line-007-y1=831-y2=999.xml, 536, 616, 53, 132, 0.854631507776, 
1161, 1247, 45, 130, 592B, navis-Ming-Qing_18796_0026-line-008-y1=989-y2=1159.xml, 1165, 1246, 48, 127, 0.87537619699, 
528, 618, 56, 136, 65E9, navis-Ming-Qing_18796_0026-line-008-y1=989-y2=1159.xml, 532, 615, 59, 133, 0.853055555556, 
1239, 1310, 21, 128, -Min, navis-Ming-Qing_18796_0026-line-009-y1=1149-y2=1317.xml, 1243, 1307, 24, 126, 0.859286560484, 
902, 976, 55, 113, -Min, navis-Ming-Qing_18796_0026-line-009-y1=1149-y2=1317.xml, 906, 973, 58, 110, 0.81174277726, 
356, 442, 35, 133, 592B, navis-Ming-Qing_18796_0026-line-010-y1=1307-y2=1475.xml, 360, 442, 38, 130, 0.895111532985, 
1941, 2008, 47, 115, 767d, navis-Ming-Qing_18796_0026-line-010-y1=1307-y2=1475.xml, 1945, 2005, 50, 112, 0.81650570676, 
268, 344, 17, 86, -Min, navis-Ming-Qing_18796_0027-line-001-y1=3-y2=130.xml, 272, 343, 0, 97, 0.677405973451, 
1775, 1849, 17, 88, -Min, navis-Ming-Qing_18796_0027-line-001-y1=3-y2=130.xml, 1779, 1846, 17, 85, 0.86714883898, 
168, 263, 17, 93, -Min, navis-Ming-Qing_18796_0027-line-001-y1=3-y2=130.xml, 172, 260, 3, 90, 0.760056791292, 
803, 894, 35, 125, 592B, navis-Ming-Qing_18796_0027-line-002-y1=120-y2=288.xml, 807, 894, 38, 122, 0.892307692308, 
910, 984, 53, 118, 51fa, navis-Ming-Qing_18796_0027-line-003-y1=278-y2=446.xml, 914, 981, 56, 115, 0.82182952183, 
1079, 1152, 36, 130, 800c, navis-Ming-Qing_18796_0027-line-003-y1=278-y2=446.xml, 1083, 1152, 39, 127, 0.884873214806, 
1691, 1760, 48, 127, 4e0d, navis-Ming-Qing_18796_0027-line-005-y1=596-y2=763.xml, 1695, 1757, 51, 124, 0.830306365804, 
892, 981, 31, 132, 8005, navis-Ming-Qing_18796_0027-line-005-y1=596-y2=763.xml, 896, 981, 34, 129, 0.898320169096, 
1952, 2022, 37, 128, 800c, navis-Ming-Qing_18796_0027-line-005-y1=596-y2=763.xml, 1956, 2024, 40, 125, 0.857798165138, 
1342, 1416, 44, 133, 4e0d, navis-Ming-Qing_18796_0027-line-006-y1=753-y2=920.xml, 1346, 1413, 47, 130, 0.844366838749, 
1510, 1591, 44, 130, 4E43, navis-Ming-Qing_18796_0027-line-006-y1=753-y2=920.xml, 1514, 1589, 47, 127, 0.861326442722, 
285, 348, 33, 127, 53c8, navis-Ming-Qing_18796_0027-line-007-y1=910-y2=1078.xml, 289, 348, 36, 124, 0.876730834178, 
985, 1066, 52, 134, 540D, navis-Ming-Qing_18796_0027-line-007-y1=910-y2=1078.xml, 982, 1065, 4, 132, 0.588993189766, 
1602, 1689, 30, 115, 514d, navis-Ming-Qing_18796_0027-line-008-y1=1068-y2=1237.xml, 1606, 1686, 33, 112, 0.854631507776, 
358, 431, 55, 129, 4e0d, navis-Ming-Qing_18796_0028-line-002-y1=31-y2=199.xml, 362, 428, 58, 126, 0.830803406146, 
374, 447, 32, 152, 5973, navis-Ming-Qing_18796_0028-line-003-y1=189-y2=358.xml, 378, 444, 35, 157, 0.849504950495, 
815, 895, 22, 101, 76f8, navis-Ming-Qing_18796_0029-line-001-y1=3-y2=149.xml, 815, 895, 25, 146, 0.612903225806, 
1253, 1315, 17, 129, 5973, navis-Ming-Qing_18796_0029-line-001-y1=3-y2=149.xml, 1257, 1313, 20, 130, 0.872, 
1851, 1929, 17, 129, 5973, navis-Ming-Qing_18796_0029-line-001-y1=3-y2=149.xml, 1855, 1926, 18, 128, 0.894001831502, 
1944, 2015, 44, 116, 7532, navis-Ming-Qing_18796_0029-line-003-y1=298-y2=465.xml, 1948, 2012, 47, 113, 0.826291079812, 
712, 792, 51, 128, 5b50, navis-Ming-Qing_18796_0029-line-003-y1=298-y2=465.xml, 708, 781, 54, 167, 0.548855207997, 
283, 346, 46, 99, 5200, navis-Ming-Qing_18796_0029-line-006-y1=772-y2=939.xml, 283, 349, 49, 141, 0.503114518448, 
718, 780, 39, 133, 800c, navis-Ming-Qing_18796_0029-line-006-y1=772-y2=939.xml, 722, 786, 42, 130, 0.803020767778, 
175, 255, 56, 129, -Min, navis-Ming-Qing_18796_0029-line-007-y1=929-y2=1097.xml, 179, 252, 59, 126, 0.8375, 
1432, 1491, 33, 126, 800c, navis-Ming-Qing_18796_0029-line-009-y1=1247-y2=1411.xml, 1436, 1501, 36, 123, 0.752713544125, 
552, 610, 34, 147, 5973, navis-Ming-Qing_18796_0029-line-009-y1=1247-y2=1411.xml, 556, 607, 37, 144, 0.832621299969, 
1767, 1846, 34, 123, 5973, navis-Ming-Qing_18796_0029-line-009-y1=1247-y2=1411.xml, 1771, 1843, 37, 120, 0.849950220452, 
1065, 1159, 37, 132, 4f5c, navis-Ming-Qing_18796_0029-line-009-y1=1247-y2=1411.xml, 1069, 1156, 40, 129, 0.867077267637, 
809, 881, 36, 135, 5929, navis-Ming-Qing_18796_0030-line-003-y1=215-y2=385.xml, 810, 883, 39, 143, 0.862348178138, 
634, 705, 37, 153, 5973, navis-Ming-Qing_18796_0030-line-003-y1=215-y2=385.xml, 638, 702, 40, 153, 0.878096163186, 
1949, 2009, 40, 147, 5973, navis-Ming-Qing_18796_0030-line-003-y1=215-y2=385.xml, 1953, 2006, 43, 144, 0.833800623053, 
977, 1044, 53, 127, 58EB, navis-Ming-Qing_18796_0030-line-007-y1=850-y2=1020.xml, 981, 1041, 56, 124, 0.822912464704, 
99, 166, 53, 133, 4e0d, navis-Ming-Qing_18796_0030-line-009-y1=1168-y2=1337.xml, 104, 163, 56, 130, 0.814552238806, 
16, 74, 45, 147, 5973, navis-Ming-Qing_18796_0030-line-010-y1=1327-y2=1491.xml, 0, 71, 13, 159, 0.525674662669, 
402, 474, 17, 82, -Min, navis-Ming-Qing_18796_0031-line-001-y1=3-y2=130.xml, 406, 471, 7, 79, 0.756097560976, 
1419, 1495, 53, 128, 4e0d, navis-Ming-Qing_18796_0033-line-002-y1=116-y2=283.xml, 1423, 1492, 56, 125, 0.835263157895, 
1336, 1402, 43, 149, 5973, navis-Ming-Qing_18796_0033-line-002-y1=116-y2=283.xml, 1340, 1399, 46, 146, 0.843339050886, 
279, 357, 34, 129, 5929, navis-Ming-Qing_18796_0033-line-003-y1=273-y2=442.xml, 283, 365, 37, 130, 0.827418570734, 
447, 510, 63, 114, 58EB, navis-Ming-Qing_18796_0033-line-008-y1=1064-y2=1234.xml, 451, 507, 66, 111, 0.78431372549, 
624, 706, 32, 117, -Min, navis-Ming-Qing_18796_0033-line-009-y1=1224-y2=1388.xml, 628, 704, 35, 114, 0.861406025825, 
897, 960, 54, 138, 4E09, navis-Ming-Qing_18796_0034-line-002-y1=62-y2=229.xml, 917, 957, 57, 135, 0.589569160998, 
1026, 1106, 40, 134, 4E0A, navis-Ming-Qing_18915_0003-line-011-y1=1200-y2=1422.xml, 1030, 1103, 43, 131, 0.854255319149, 
1325, 1417, 44, 124, 800c, navis-Ming-Qing_18915_0005-line-006-y1=680-y2=821.xml, 1329, 1413, 23, 125, 0.729800173762, 
